"","Carimbo de data/hora","1. Idade","2. Sexo","3. Escolaridade","4. Tempo de formado","5. Tempo na Administração Pública Federal","6. Tempo total no Tesouro","7. Tempo para se aposentar (aproximadamente)","8. Tempo no cargo atual","9. Qual a sua unidade de lotação atual?","10. Qual a sua função atual?","x","y","value","nome"
"1","2020/05/15 8:18:07 AM GMT-3","De 30 a 39 anos","Feminino","Mestrado","Até 5 anos","De 11 a 20 anos","De 6 a 10 anos","Mais de 15 anos","De 6 a 10 anos","ASSEC","Sem função",1,17,2,"bolha 1"
"2","2020/05/15 8:24:47 AM GMT-3","De 40 a 49 anos","Masculino","Especialização","De 21 a 30 anos","De 11 a 20 anos","De 11 a 20 anos","De 11 a 15 anos","De 11 a 20 anos","CCONT","Sem função",2,17,2,"bolha 2"
"3","2020/05/15 8:30:05 AM GMT-3","De 40 a 49 anos","Feminino","Graduação","De 11 a 20 anos","De 11 a 20 anos","De 11 a 20 anos","Mais de 15 anos","De 11 a 20 anos","COFIN","Sem função",3,16,2,"bolha 3"
"4","2020/05/15 8:36:50 AM GMT-3","De 40 a 49 anos","Masculino","Especialização","De 11 a 20 anos","De 11 a 20 anos","De 6 a 10 anos","Mais de 15 anos","De 11 a 20 anos","COPAR","FG1",3,17,2,"bolha 4"
"5","2020/05/15 8:42:10 AM GMT-3","De 40 a 49 anos","Masculino","Graduação","De 11 a 20 anos","De 6 a 10 anos","De 6 a 10 anos","Mais de 15 anos","Até 5 anos","ASSEC","DAS (1 a 6) ou FCPE (1 a 3)",4,16,2,"bolha 5"
"6","2020/05/15 8:42:35 AM GMT-3","De 30 a 39 anos","Masculino","Graduação","De 11 a 20 anos","De 6 a 10 anos","De 6 a 10 anos","Mais de 15 anos","De 6 a 10 anos","CCONF","DAS (1 a 6) ou FCPE (1 a 3)",5,15,2,"bolha 6"
"7","2020/05/15 9:03:49 AM GMT-3","De 30 a 39 anos","Masculino","Especialização","De 11 a 20 anos","De 11 a 20 anos","De 11 a 20 anos","Mais de 15 anos","De 6 a 10 anos","CODIV","Sem função",5,16,2,"bolha 7"
"8","2020/05/15 9:21:59 AM GMT-3","De 50 a 60 anos","Masculino","Mestrado","Até 5 anos","De 11 a 20 anos","De 6 a 10 anos","Mais de 15 anos","De 11 a 20 anos","CODIN","DAS (1 a 6) ou FCPE (1 a 3)",6,15,2,"bolha 8"
"9","2020/05/15 9:22:35 AM GMT-3","De 30 a 39 anos","Masculino","Especialização","De 6 a 10 anos","De 6 a 10 anos","De 6 a 10 anos","Mais de 15 anos","Até 5 anos","CCONF","DAS (1 a 6) ou FCPE (1 a 3)",6,16,2,"bolha 9"
"10","2020/05/15 9:28:04 AM GMT-3","De 30 a 39 anos","Masculino","Especialização","De 11 a 20 anos","De 11 a 20 anos","De 6 a 10 anos","Mais de 15 anos","Até 5 anos","CCONT","DAS (1 a 6) ou FCPE (1 a 3)",7,15,2,"bolha 10"
"11","2020/05/15 9:32:01 AM GMT-3","De 40 a 49 anos","Masculino","Especialização","De 11 a 20 anos","De 6 a 10 anos","De 6 a 10 anos","Mais de 15 anos","Até 5 anos","CODIP","DAS (1 a 6) ou FCPE (1 a 3)",8,14,2,"bolha 11"
"12","2020/05/15 9:33:11 AM GMT-3","De 40 a 49 anos","Masculino","Especialização","De 6 a 10 anos","De 21 a 30 anos","De 11 a 20 anos","Mais de 15 anos","Até 5 anos","COPEF","DAS (1 a 6) ou FCPE (1 a 3)",8,15,2,"bolha 12"
"13","2020/05/15 9:34:54 AM GMT-3","De 30 a 39 anos","Masculino","Mestrado","De 11 a 20 anos","De 11 a 20 anos","De 11 a 20 anos","Mais de 15 anos","De 11 a 20 anos","CFORM","Sem função",9,14,2,"bolha 13"
"14","2020/05/15 9:36:11 AM GMT-3","De 30 a 39 anos","Masculino","Especialização","De 6 a 10 anos","De 11 a 20 anos","De 6 a 10 anos","Mais de 15 anos","Até 5 anos","CODIP","Sem função",9,15,2,"bolha 14"
"15","2020/05/15 9:40:01 AM GMT-3","De 50 a 60 anos","Masculino","Graduação","+ de 30 anos","De 11 a 20 anos","De 11 a 20 anos","De 6 a 10 anos","De 11 a 20 anos","COFIN","Sem função",10,14,2,"bolha 15"
"16","2020/05/15 9:46:26 AM GMT-3","De 20 a 29 anos","Masculino","Mestrado","De 6 a 10 anos","De 6 a 10 anos","De 6 a 10 anos","Mais de 15 anos","Até 5 anos","COREM","DAS (1 a 6) ou FCPE (1 a 3)",11,13,2,"bolha 16"
"17","2020/05/15 10:01:57 AM GMT-3","De 30 a 39 anos","Masculino","Mestrado","De 6 a 10 anos","De 6 a 10 anos","De 6 a 10 anos","Mais de 15 anos","Até 5 anos","Gabinete","Sem função",11,14,2,"bolha 17"
"18","2020/05/15 10:06:45 AM GMT-3","De 20 a 29 anos","Masculino","Graduação","De 6 a 10 anos","De 6 a 10 anos","De 6 a 10 anos","Mais de 15 anos","De 6 a 10 anos","COINC","Sem função",12,13,2,"bolha 18"
"19","2020/05/15 10:16:09 AM GMT-3","De 40 a 49 anos","Masculino","Especialização","De 21 a 30 anos","De 11 a 20 anos","De 6 a 10 anos","Mais de 15 anos","Até 5 anos","COPEF","DAS (1 a 6) ou FCPE (1 a 3)",12,14,2,"bolha 19"
"20","2020/05/15 10:17:44 AM GMT-3","De 30 a 39 anos","Masculino","Especialização","De 11 a 20 anos","De 11 a 20 anos","Até 5 anos","Mais de 15 anos","Até 5 anos","CGFIS","DAS (1 a 6) ou FCPE (1 a 3)",12,31,1,"bolha 20"
"21","2020/05/15 10:18:56 AM GMT-3","De 30 a 39 anos","Masculino","Especialização","De 11 a 20 anos","De 6 a 10 anos","De 6 a 10 anos","Mais de 15 anos","Até 5 anos","COSIS","DAS (1 a 6) ou FCPE (1 a 3)",13,12,2,"bolha 21"
"22","2020/05/15 10:19:30 AM GMT-3","De 30 a 39 anos","Masculino","Graduação","De 6 a 10 anos","De 6 a 10 anos","De 6 a 10 anos","Mais de 15 anos","Até 5 anos","CODIP","Sem função",13,13,2,"bolha 22"
"23","2020/05/15 10:20:21 AM GMT-3","De 30 a 39 anos","Masculino","Mestrado","De 6 a 10 anos","De 6 a 10 anos","De 6 a 10 anos","Mais de 15 anos","Até 5 anos","COSIS","DAS (1 a 6) ou FCPE (1 a 3)",13,14,2,"bolha 23"
"24","2020/05/15 10:21:15 AM GMT-3","De 40 a 49 anos","Masculino","Especialização","De 21 a 30 anos","De 11 a 20 anos","De 11 a 20 anos","De 11 a 15 anos","De 11 a 20 anos","COGEF","Sem função",13,30,1,"bolha 24"
"25","2020/05/15 10:21:17 AM GMT-3","De 30 a 39 anos","Masculino","Especialização","De 11 a 20 anos","De 11 a 20 anos","De 6 a 10 anos","Mais de 15 anos","Até 5 anos","COREM","DAS (1 a 6) ou FCPE (1 a 3)",13,31,1,"bolha 25"
"26","2020/05/15 10:22:25 AM GMT-3","De 40 a 49 anos","Masculino","Mestrado","De 11 a 20 anos","De 11 a 20 anos","De 11 a 20 anos","Mais de 15 anos","Até 5 anos","COAFI","Sem função",14,12,2,"bolha 26"
"27","2020/05/15 10:40:28 AM GMT-3","+ de 60","Feminino","Especialização","De 21 a 30 anos","De 21 a 30 anos","De 21 a 30 anos","Menos de 1 ano","Até 5 anos","CGFIS","Sem função",14,13,2,"bolha 27"
"28","2020/05/15 10:40:32 AM GMT-3","De 30 a 39 anos","Masculino","Mestrado","De 11 a 20 anos","De 11 a 20 anos","Até 5 anos","Mais de 15 anos","De 11 a 20 anos","CCONT","Sem função",14,28,1,"bolha 28"
"29","2020/05/15 10:51:53 AM GMT-3","De 30 a 39 anos","Masculino","Mestrado","De 11 a 20 anos","De 11 a 20 anos","Até 5 anos","Mais de 15 anos","Até 5 anos","COAFI","DAS (1 a 6) ou FCPE (1 a 3)",14,29,1,"bolha 29"
"30","2020/05/15 10:52:12 AM GMT-3","De 40 a 49 anos","Masculino","Mestrado","De 11 a 20 anos","De 11 a 20 anos","De 6 a 10 anos","Mais de 15 anos","De 6 a 10 anos","CORIS","Sem função",14,30,1,"bolha 30"
"31","2020/05/15 10:52:59 AM GMT-3","De 40 a 49 anos","Feminino","Especialização","De 11 a 20 anos","De 6 a 10 anos","De 6 a 10 anos","De 11 a 15 anos","Até 5 anos","CORIS","GSISTE",14,31,1,"bolha 31"
"32","2020/05/15 10:53:40 AM GMT-3","De 50 a 60 anos","Feminino","Mestrado","Até 5 anos","De 11 a 20 anos","De 6 a 10 anos","Mais de 15 anos","De 6 a 10 anos","CFORM","Sem função",15,12,2,"bolha 32"
"33","2020/05/15 10:56:02 AM GMT-3","De 40 a 49 anos","Masculino","Especialização","De 11 a 20 anos","De 11 a 20 anos","Até 5 anos","Mais de 15 anos","Até 5 anos","CCONF","Sem função",15,13,2,"bolha 33"
"34","2020/05/15 10:57:33 AM GMT-3","De 40 a 49 anos","Masculino","Graduação","De 21 a 30 anos","Até 5 anos","Até 5 anos","Mais de 15 anos","Até 5 anos","COSIS","Sem função",15,27,1,"bolha 34"
"35","2020/05/15 10:58:02 AM GMT-3","De 30 a 39 anos","Masculino","Graduação","De 11 a 20 anos","De 6 a 10 anos","De 6 a 10 anos","Mais de 15 anos","De 6 a 10 anos","COSIS","Sem função",15,28,1,"bolha 35"
"36","2020/05/15 10:58:03 AM GMT-3","De 30 a 39 anos","Masculino","Mestrado","De 6 a 10 anos","De 11 a 20 anos","De 11 a 20 anos","Mais de 15 anos","De 6 a 10 anos","CESEF","Sem função",15,29,1,"bolha 36"
"37","2020/05/15 11:02:08 AM GMT-3","De 40 a 49 anos","Masculino","Graduação","De 11 a 20 anos","De 11 a 20 anos","De 6 a 10 anos","Mais de 15 anos","De 6 a 10 anos","CODIV","Sem função",15,30,1,"bolha 37"
"38","2020/05/15 11:06:14 AM GMT-3","De 30 a 39 anos","Masculino","Graduação","De 11 a 20 anos","De 11 a 20 anos","De 11 a 20 anos","Mais de 15 anos","De 11 a 20 anos","COAFI","Sem função",16,12,2,"bolha 38"
"39","2020/05/15 11:08:33 AM GMT-3","De 30 a 39 anos","Feminino","Especialização","De 11 a 20 anos","De 6 a 10 anos","De 6 a 10 anos","Mais de 15 anos","Até 5 anos","CODIN","Sem função",16,13,2,"bolha 39"
"40","2020/05/15 11:08:51 AM GMT-3","De 40 a 49 anos","Feminino","Especialização","De 11 a 20 anos","De 21 a 30 anos","Até 5 anos","Mais de 15 anos","De 11 a 20 anos","CCONT","GSISTE",16,25,1,"bolha 40"
"41","2020/05/15 11:14:48 AM GMT-3","De 50 a 60 anos","Masculino","Especialização","+ de 30 anos","De 21 a 30 anos","De 11 a 20 anos","De 1 a 5 anos","De 11 a 20 anos","CODIV","Sem função",16,26,1,"bolha 41"
"42","2020/05/15 11:25:30 AM GMT-3","De 30 a 39 anos","Masculino","Especialização","De 6 a 10 anos","De 6 a 10 anos","De 6 a 10 anos","Mais de 15 anos","De 6 a 10 anos","COSIS","Sem função",16,27,1,"bolha 42"
"43","2020/05/15 11:37:24 AM GMT-3","De 30 a 39 anos","Masculino","Graduação","De 6 a 10 anos","De 11 a 20 anos","De 6 a 10 anos","Mais de 15 anos","De 6 a 10 anos","CODIN","Sem função",16,28,1,"bolha 43"
"44","2020/05/15 11:48:13 AM GMT-3","De 40 a 49 anos","Masculino","Especialização","De 11 a 20 anos","De 11 a 20 anos","De 11 a 20 anos","Mais de 15 anos","De 11 a 20 anos","COFIN","Sem função",16,29,1,"bolha 44"
"45","2020/05/15 11:49:47 AM GMT-3","De 40 a 49 anos","Masculino","Especialização","De 21 a 30 anos","De 11 a 20 anos","De 11 a 20 anos","Mais de 15 anos","De 6 a 10 anos","COPEM","DAS (1 a 6) ou FCPE (1 a 3)",17,11,2,"bolha 45"
"46","2020/05/15 11:53:43 AM GMT-3","De 30 a 39 anos","Feminino","Especialização","De 6 a 10 anos","De 6 a 10 anos","Até 5 anos","Mais de 15 anos","Até 5 anos","CODIN","Sem função",17,12,2,"bolha 46"
"47","2020/05/15 12:04:42 PM GMT-3","De 40 a 49 anos","Feminino","Graduação","De 11 a 20 anos","De 11 a 20 anos","De 11 a 20 anos","Mais de 15 anos","Até 5 anos","CESEF","Sem função",17,13,2,"bolha 47"
"48","2020/05/15 12:16:32 PM GMT-3","De 40 a 49 anos","Feminino","Especialização","De 6 a 10 anos","De 6 a 10 anos","De 6 a 10 anos","De 6 a 10 anos","De 6 a 10 anos","CCONF","GSISTE",17,23,1,"bolha 48"
"49","2020/05/15 12:18:54 PM GMT-3","De 30 a 39 anos","Masculino","Mestrado","De 6 a 10 anos","Até 5 anos","Até 5 anos","Mais de 15 anos","Até 5 anos","CESEF","DAS (1 a 6) ou FCPE (1 a 3)",17,24,1,"bolha 49"
"50","2020/05/15 12:36:55 PM GMT-3","De 30 a 39 anos","Masculino","Especialização","De 6 a 10 anos","De 6 a 10 anos","Até 5 anos","Mais de 15 anos","Até 5 anos","CCONF","Sem função",17,25,1,"bolha 50"
"51","2020/05/15 12:38:46 PM GMT-3","De 30 a 39 anos","Feminino","Especialização","De 11 a 20 anos","De 6 a 10 anos","Até 5 anos","Mais de 15 anos","Até 5 anos","COINC","GSISTE",17,26,1,"bolha 51"
"52","2020/05/15 12:41:26 PM GMT-3","De 30 a 39 anos","Masculino","Especialização","De 11 a 20 anos","De 6 a 10 anos","Até 5 anos","Mais de 15 anos","Até 5 anos","CCONF","Sem função",17,27,1,"bolha 52"
"53","2020/05/15 12:42:11 PM GMT-3","De 30 a 39 anos","Feminino","Especialização","De 6 a 10 anos","Até 5 anos","Até 5 anos","Mais de 15 anos","Até 5 anos","COPEF","Sem função",17,28,1,"bolha 53"
"54","2020/05/15 1:36:58 PM GMT-3","De 40 a 49 anos","Masculino","Especialização","De 11 a 20 anos","De 6 a 10 anos","De 6 a 10 anos","Mais de 15 anos","De 6 a 10 anos","COINC","Sem função",18,1,1,"bolha 54"
"55","2020/05/15 1:43:33 PM GMT-3","De 30 a 39 anos","Masculino","Especialização","De 6 a 10 anos","De 6 a 10 anos","De 6 a 10 anos","Mais de 15 anos","De 6 a 10 anos","COPEM","Sem função",18,2,1,"bolha 55"
"56","2020/05/15 1:52:14 PM GMT-3","De 30 a 39 anos","Masculino","Mestrado","De 6 a 10 anos","De 6 a 10 anos","De 6 a 10 anos","Mais de 15 anos","Até 5 anos","COPEF","DAS (1 a 6) ou FCPE (1 a 3)",18,11,2,"bolha 56"
"57","2020/05/15 2:29:17 PM GMT-3","De 30 a 39 anos","Masculino","Especialização","De 6 a 10 anos","De 6 a 10 anos","Até 5 anos","Mais de 15 anos","Até 5 anos","CGFIS","DAS (1 a 6) ou FCPE (1 a 3)",18,12,2,"bolha 57"
"58","2020/05/15 2:31:40 PM GMT-3","De 30 a 39 anos","Masculino","Mestrado","Até 5 anos","De 11 a 20 anos","De 6 a 10 anos","Mais de 15 anos","Até 5 anos","CPLAN","DAS (1 a 6) ou FCPE (1 a 3)",18,21,1,"bolha 58"
"59","2020/05/15 2:34:36 PM GMT-3","De 40 a 49 anos","Feminino","Mestrado","De 11 a 20 anos","De 11 a 20 anos","De 11 a 20 anos","Mais de 15 anos","De 11 a 20 anos","CGFIS","Sem função",18,22,1,"bolha 59"
"60","2020/05/15 2:57:03 PM GMT-3","De 40 a 49 anos","Masculino","Mestrado","De 21 a 30 anos","De 11 a 20 anos","De 11 a 20 anos","Mais de 15 anos","De 11 a 20 anos","COPEF","Sem função",18,23,1,"bolha 60"
"61","2020/05/15 3:08:52 PM GMT-3","De 40 a 49 anos","Masculino","Especialização","De 11 a 20 anos","De 11 a 20 anos","De 11 a 20 anos","Mais de 15 anos","Até 5 anos","CGFIS","Sem função",18,24,1,"bolha 61"
"62","2020/05/15 3:16:15 PM GMT-3","De 30 a 39 anos","Feminino","Graduação","De 11 a 20 anos","De 11 a 20 anos","De 11 a 20 anos","Mais de 15 anos","Até 5 anos","COGEF","FG1",18,25,1,"bolha 62"
"63","2020/05/15 3:27:37 PM GMT-3","De 30 a 39 anos","Masculino","Mestrado","De 11 a 20 anos","De 11 a 20 anos","De 6 a 10 anos","Mais de 15 anos","De 6 a 10 anos","CGFIS","DAS (1 a 6) ou FCPE (1 a 3)",18,26,1,"bolha 63"
"64","2020/05/15 3:38:04 PM GMT-3","De 30 a 39 anos","Masculino","Especialização","De 11 a 20 anos","De 6 a 10 anos","De 6 a 10 anos","Mais de 15 anos","Até 5 anos","Gabinete","Sem função",19,1,1,"bolha 64"
"65","2020/05/15 4:00:08 PM GMT-3","De 40 a 49 anos","Feminino","Especialização","De 21 a 30 anos","De 11 a 20 anos","De 6 a 10 anos","Mais de 15 anos","De 6 a 10 anos","CCONF","Sem função",19,2,1,"bolha 65"
"66","2020/05/15 4:13:07 PM GMT-3","De 30 a 39 anos","Masculino","Especialização","De 11 a 20 anos","De 6 a 10 anos","De 6 a 10 anos","Mais de 15 anos","Até 5 anos","COSIS","Sem função",19,3,1,"bolha 66"
"67","2020/05/15 4:18:21 PM GMT-3","De 40 a 49 anos","Masculino","Especialização","Até 5 anos","De 11 a 20 anos","De 11 a 20 anos","Mais de 15 anos","De 6 a 10 anos","COAFI","DAS (1 a 6) ou FCPE (1 a 3)",19,11,2,"bolha 67"
"68","2020/05/15 4:41:24 PM GMT-3","De 50 a 60 anos","Masculino","Graduação","De 21 a 30 anos","De 21 a 30 anos","De 21 a 30 anos","De 6 a 10 anos","De 21 a 30 anos","COSIS","Sem função",19,12,2,"bolha 68"
"69","2020/05/15 5:21:09 PM GMT-3","De 30 a 39 anos","Masculino","Mestrado","Até 5 anos","Até 5 anos","Até 5 anos","Mais de 15 anos","Até 5 anos","COREM","DAS (1 a 6) ou FCPE (1 a 3)",19,19,1,"bolha 69"
"70","2020/05/15 5:54:19 PM GMT-3","De 30 a 39 anos","Masculino","Mestrado","De 11 a 20 anos","De 6 a 10 anos","De 6 a 10 anos","Mais de 15 anos","Até 5 anos","COREM","DAS (1 a 6) ou FCPE (1 a 3)",19,20,1,"bolha 70"
"71","2020/05/15 6:20:35 PM GMT-3","De 40 a 49 anos","Masculino","Especialização","De 11 a 20 anos","De 11 a 20 anos","De 11 a 20 anos","De 11 a 15 anos","De 11 a 20 anos","COSIS","Sem função",19,21,1,"bolha 71"
"72","2020/05/15 6:49:23 PM GMT-3","De 30 a 39 anos","Masculino","Especialização","De 11 a 20 anos","De 11 a 20 anos","De 6 a 10 anos","Mais de 15 anos","Até 5 anos","CCONT","DAS (1 a 6) ou FCPE (1 a 3)",19,22,1,"bolha 72"
"73","2020/05/15 7:01:29 PM GMT-3","De 40 a 49 anos","Masculino","Mestrado","De 21 a 30 anos","De 21 a 30 anos","De 21 a 30 anos","De 11 a 15 anos","De 6 a 10 anos","COINT","DAS (1 a 6) ou FCPE (1 a 3)",19,23,1,"bolha 73"
"74","2020/05/15 7:30:44 PM GMT-3","+ de 60","Masculino","Graduação","+ de 30 anos","De 11 a 20 anos","De 11 a 20 anos","De 1 a 5 anos","De 11 a 20 anos","CGFIS","Sem função",19,24,1,"bolha 74"
"75","2020/05/15 7:45:26 PM GMT-3","De 30 a 39 anos","Masculino","Mestrado","De 11 a 20 anos","De 11 a 20 anos","De 11 a 20 anos","Mais de 15 anos","Até 5 anos","COSIS","DAS (1 a 6) ou FCPE (1 a 3)",19,25,1,"bolha 75"
"76","2020/05/15 8:36:11 PM GMT-3","+ de 60","Masculino","Especialização","+ de 30 anos","De 21 a 30 anos","De 21 a 30 anos","De 1 a 5 anos","Até 5 anos","CODIN","Sem função",20,1,1,"bolha 76"
"77","2020/05/15 9:43:59 PM GMT-3","De 50 a 60 anos","Feminino","Graduação","De 21 a 30 anos","De 21 a 30 anos","De 21 a 30 anos","De 1 a 5 anos","De 21 a 30 anos","CORIS","Sem função",20,2,1,"bolha 77"
"78","2020/05/15 9:54:21 PM GMT-3","De 50 a 60 anos","Masculino","Especialização","De 21 a 30 anos","Mais de 30 anos","Até 5 anos","De 1 a 5 anos","Até 5 anos","CFORM","FG3",20,3,1,"bolha 78"
"79","2020/05/16 1:36:38 PM GMT-3","De 30 a 39 anos","Masculino","Especialização","De 6 a 10 anos","De 11 a 20 anos","De 6 a 10 anos","Mais de 15 anos","De 6 a 10 anos","CCONT","DAS (1 a 6) ou FCPE (1 a 3)",20,4,1,"bolha 79"
"80","2020/05/16 1:54:55 PM GMT-3","De 50 a 60 anos","Feminino","Especialização","+ de 30 anos","Mais de 30 anos","Mais de 30 anos","Menos de 1 ano","Mais de 30 anos","CCONT","Sem função",20,10,2,"bolha 80"
"81","2020/05/16 7:47:19 PM GMT-3","De 50 a 60 anos","Feminino","Graduação","De 21 a 30 anos","De 6 a 10 anos","De 6 a 10 anos","De 6 a 10 anos","De 6 a 10 anos","CCONF","GSISTE",20,11,2,"bolha 81"
"82","2020/05/16 11:55:21 PM GMT-3","De 30 a 39 anos","Masculino","Especialização","De 11 a 20 anos","De 11 a 20 anos","De 6 a 10 anos","Mais de 15 anos","Até 5 anos","CCONT","DAS (1 a 6) ou FCPE (1 a 3)",20,12,2,"bolha 82"
"83","2020/05/17 8:17:51 AM GMT-3","De 30 a 39 anos","Masculino","Graduação","De 11 a 20 anos","De 6 a 10 anos","De 6 a 10 anos","Mais de 15 anos","De 6 a 10 anos","CCONF","Sem função",20,17,1,"bolha 83"
"84","2020/05/17 9:20:25 PM GMT-3","De 30 a 39 anos","Masculino","Graduação","De 6 a 10 anos","De 6 a 10 anos","Até 5 anos","Mais de 15 anos","Até 5 anos","CODIN","Sem função",20,18,1,"bolha 84"
"85","2020/05/18 9:18:23 AM GMT-3","De 50 a 60 anos","Feminino","Graduação","De 21 a 30 anos","Mais de 30 anos","De 21 a 30 anos","De 1 a 5 anos","De 21 a 30 anos","CCONT","DAS (1 a 6) ou FCPE (1 a 3)",20,19,1,"bolha 85"
"86","2020/05/18 9:30:00 AM GMT-3","De 20 a 29 anos","Masculino","Graduação","De 6 a 10 anos","De 6 a 10 anos","De 6 a 10 anos","Mais de 15 anos","De 6 a 10 anos","COFIN","Sem função",20,20,1,"bolha 86"
"87","2020/05/18 9:43:23 AM GMT-3","De 40 a 49 anos","Masculino","Especialização","De 11 a 20 anos","De 11 a 20 anos","De 11 a 20 anos","Mais de 15 anos","De 11 a 20 anos","COSIS","Sem função",20,21,1,"bolha 87"
"88","2020/05/18 9:44:18 AM GMT-3","De 50 a 60 anos","Feminino","Graduação","+ de 30 anos","De 11 a 20 anos","De 11 a 20 anos","Menos de 1 ano","De 11 a 20 anos","CCONT","Sem função",20,22,1,"bolha 88"
"89","2020/05/18 9:55:47 AM GMT-3","De 40 a 49 anos","Masculino","Graduação","De 11 a 20 anos","Até 5 anos","Até 5 anos","Mais de 15 anos","Até 5 anos","CODIN","DAS (1 a 6) ou FCPE (1 a 3)",20,23,1,"bolha 89"
"90","2020/05/18 10:02:16 AM GMT-3","De 40 a 49 anos","Feminino","Graduação","De 21 a 30 anos","De 21 a 30 anos","De 11 a 20 anos","Mais de 15 anos","De 11 a 20 anos","COAFI","Sem função",20,24,1,"bolha 90"
"91","2020/05/18 10:15:24 AM GMT-3","De 40 a 49 anos","Masculino","Especialização","De 21 a 30 anos","De 11 a 20 anos","De 11 a 20 anos","Mais de 15 anos","De 11 a 20 anos","CCONT","Sem função",21,2,1,"bolha 91"
"92","2020/05/18 10:30:11 AM GMT-3","De 30 a 39 anos","Masculino","Graduação","De 11 a 20 anos","De 11 a 20 anos","De 6 a 10 anos","Mais de 15 anos","De 6 a 10 anos","CCONT","Sem função",21,3,1,"bolha 92"
"93","2020/05/18 10:31:21 AM GMT-3","De 30 a 39 anos","Feminino","Graduação","De 6 a 10 anos","De 11 a 20 anos","De 6 a 10 anos","Mais de 15 anos","De 6 a 10 anos","CCONT","Sem função",21,4,1,"bolha 93"
"94","2020/05/18 10:33:14 AM GMT-3","De 50 a 60 anos","Feminino","Especialização","De 21 a 30 anos","De 11 a 20 anos","De 11 a 20 anos","De 6 a 10 anos","De 11 a 20 anos","CCONT","Sem função",21,5,1,"bolha 94"
"95","2020/05/18 10:52:00 AM GMT-3","De 30 a 39 anos","Feminino","Especialização","De 6 a 10 anos","De 11 a 20 anos","De 6 a 10 anos","Mais de 15 anos","De 6 a 10 anos","CODIN","Sem função",21,6,1,"bolha 95"
"96","2020/05/18 10:53:27 AM GMT-3","De 40 a 49 anos","Masculino","Graduação","De 11 a 20 anos","De 6 a 10 anos","Até 5 anos","Mais de 15 anos","Até 5 anos","COSIS","Sem função",21,10,2,"bolha 96"
"97","2020/05/18 11:15:57 AM GMT-3","De 40 a 49 anos","Feminino","Mestrado","De 21 a 30 anos","De 11 a 20 anos","De 11 a 20 anos","Mais de 15 anos","De 11 a 20 anos","CCONF","Sem função",21,11,2,"bolha 97"
"98","2020/05/18 11:47:30 AM GMT-3","De 40 a 49 anos","Masculino","Especialização","De 11 a 20 anos","De 6 a 10 anos","De 6 a 10 anos","Mais de 15 anos","De 6 a 10 anos","CODIN","Sem função",21,12,2,"bolha 98"
"99","2020/05/18 12:07:15 PM GMT-3","De 50 a 60 anos","Feminino","Especialização","De 6 a 10 anos","Mais de 30 anos","De 11 a 20 anos","De 1 a 5 anos","De 6 a 10 anos","CODIN","GSISTE",21,15,1,"bolha 99"
"100","2020/05/18 1:02:04 PM GMT-3","De 40 a 49 anos","Feminino","Mestrado","De 11 a 20 anos","De 11 a 20 anos","De 11 a 20 anos","Mais de 15 anos","De 11 a 20 anos","CORIS","Sem função",21,16,1,"bolha 100"
"101","2020/05/18 1:53:11 PM GMT-3","De 40 a 49 anos","Feminino","Mestrado","De 11 a 20 anos","De 11 a 20 anos","De 11 a 20 anos","Mais de 15 anos","De 11 a 20 anos","COSIS","DAS (1 a 6) ou FCPE (1 a 3)",21,17,1,"bolha 101"
"102","2020/05/18 1:56:01 PM GMT-3","De 30 a 39 anos","Masculino","Graduação","De 6 a 10 anos","De 6 a 10 anos","Até 5 anos","Mais de 15 anos","Até 5 anos","CODIN","Sem função",21,18,1,"bolha 102"
"103","2020/05/18 2:31:32 PM GMT-3","De 40 a 49 anos","Masculino","Especialização","De 21 a 30 anos","De 6 a 10 anos","Até 5 anos","Mais de 15 anos","Até 5 anos","COSIS","Sem função",21,19,1,"bolha 103"
"104","2020/05/18 2:44:36 PM GMT-3","De 40 a 49 anos","Masculino","Mestrado","Até 5 anos","De 11 a 20 anos","De 6 a 10 anos","Mais de 15 anos","De 6 a 10 anos","COINT","FG1",21,20,1,"bolha 104"
"105","2020/05/18 2:51:34 PM GMT-3","De 30 a 39 anos","Feminino","Especialização","De 6 a 10 anos","De 6 a 10 anos","Até 5 anos","Mais de 15 anos","Até 5 anos","COPEF","Sem função",21,21,1,"bolha 105"
"106","2020/05/18 2:55:27 PM GMT-3","De 40 a 49 anos","Masculino","Graduação","De 21 a 30 anos","Mais de 30 anos","De 11 a 20 anos","De 11 a 15 anos","De 11 a 20 anos","CORIS","Sem função",21,22,1,"bolha 106"
"107","2020/05/18 3:31:54 PM GMT-3","De 30 a 39 anos","Masculino","Especialização","De 6 a 10 anos","De 6 a 10 anos","De 6 a 10 anos","Mais de 15 anos","De 6 a 10 anos","CORIS","Sem função",21,23,1,"bolha 107"
"108","2020/05/18 5:36:25 PM GMT-3","De 40 a 49 anos","Masculino","Especialização","De 11 a 20 anos","De 6 a 10 anos","De 6 a 10 anos","Mais de 15 anos","Até 5 anos","COINC","DAS (1 a 6) ou FCPE (1 a 3)",22,3,1,"bolha 108"
"109","2020/05/18 5:44:41 PM GMT-3","De 50 a 60 anos","Masculino","Especialização","De 21 a 30 anos","De 21 a 30 anos","De 21 a 30 anos","De 6 a 10 anos","De 21 a 30 anos","COINC","Sem função",22,4,1,"bolha 109"
"110","2020/05/18 5:49:06 PM GMT-3","De 30 a 39 anos","Masculino","Mestrado","De 11 a 20 anos","De 11 a 20 anos","De 6 a 10 anos","Mais de 15 anos","Até 5 anos","COPEF","DAS (1 a 6) ou FCPE (1 a 3)",22,5,1,"bolha 110"
"111","2020/05/18 5:50:04 PM GMT-3","De 30 a 39 anos","Masculino","Especialização","De 6 a 10 anos","De 11 a 20 anos","Até 5 anos","Mais de 15 anos","De 6 a 10 anos","COINC","GSISTE",22,6,1,"bolha 111"
"112","2020/05/18 5:50:51 PM GMT-3","De 50 a 60 anos","Masculino","Nível fundamental ou médio","+ de 30 anos","Mais de 30 anos","De 6 a 10 anos","De 1 a 5 anos","Mais de 30 anos","COINC","GSISTE",22,7,1,"bolha 112"
"113","2020/05/18 5:51:00 PM GMT-3","De 40 a 49 anos","Masculino","Mestrado","De 11 a 20 anos","De 11 a 20 anos","De 11 a 20 anos","De 11 a 15 anos","De 11 a 20 anos","COGEP","Sem função",22,8,1,"bolha 113"
"114","2020/05/18 5:52:22 PM GMT-3","De 30 a 39 anos","Feminino","Graduação","De 6 a 10 anos","De 6 a 10 anos","De 6 a 10 anos","Mais de 15 anos","De 6 a 10 anos","COINC","GSISTE",22,9,1,"bolha 114"
"115","2020/05/18 5:54:44 PM GMT-3","De 40 a 49 anos","Feminino","Mestrado","De 21 a 30 anos","De 11 a 20 anos","De 11 a 20 anos","Mais de 15 anos","De 6 a 10 anos","COGEP","DAS (1 a 6) ou FCPE (1 a 3)",22,10,2,"bolha 115"
"116","2020/05/18 6:00:08 PM GMT-3","De 40 a 49 anos","Feminino","Graduação","De 11 a 20 anos","De 11 a 20 anos","De 11 a 20 anos","Mais de 15 anos","De 6 a 10 anos","COINC","DAS (1 a 6) ou FCPE (1 a 3)",22,11,2,"bolha 116"
"117","2020/05/18 6:06:18 PM GMT-3","De 40 a 49 anos","Masculino","Mestrado","De 11 a 20 anos","De 11 a 20 anos","De 11 a 20 anos","Mais de 15 anos","Até 5 anos","CGFIS","Sem função",22,12,1,"bolha 117"
"118","2020/05/18 6:12:06 PM GMT-3","De 50 a 60 anos","Feminino","Graduação","De 6 a 10 anos","Mais de 30 anos","De 6 a 10 anos","Menos de 1 ano","Mais de 30 anos","COINC","GSISTE",22,13,1,"bolha 118"
"119","2020/05/18 6:16:51 PM GMT-3","De 30 a 39 anos","Masculino","Mestrado","De 11 a 20 anos","De 11 a 20 anos","De 11 a 20 anos","Mais de 15 anos","De 11 a 20 anos","CODIN","Sem função",22,14,1,"bolha 119"
"120","2020/05/18 6:33:46 PM GMT-3","De 40 a 49 anos","Masculino","Graduação","De 6 a 10 anos","Até 5 anos","Até 5 anos","Mais de 15 anos","Até 5 anos","COINC","Sem função",22,15,1,"bolha 120"
"121","2020/05/18 7:41:45 PM GMT-3","De 40 a 49 anos","Feminino","Especialização","De 6 a 10 anos","De 21 a 30 anos","Até 5 anos","Mais de 15 anos","De 6 a 10 anos","COINC","GSISTE",22,16,1,"bolha 121"
"122","2020/05/18 7:43:03 PM GMT-3","De 30 a 39 anos","Feminino","Mestrado","De 11 a 20 anos","De 11 a 20 anos","De 11 a 20 anos","Mais de 15 anos","De 11 a 20 anos","COINT","DAS (1 a 6) ou FCPE (1 a 3)",22,17,1,"bolha 122"
"123","2020/05/18 7:44:01 PM GMT-3","De 40 a 49 anos","Masculino","Mestrado","De 11 a 20 anos","De 21 a 30 anos","De 21 a 30 anos","Mais de 15 anos","De 6 a 10 anos","CESEF","DAS (1 a 6) ou FCPE (1 a 3)",22,18,1,"bolha 123"
"124","2020/05/18 8:02:27 PM GMT-3","De 50 a 60 anos","Masculino","Especialização","+ de 30 anos","Mais de 30 anos","Até 5 anos","De 1 a 5 anos","De 21 a 30 anos","COINC","GSISTE",22,19,1,"bolha 124"
"125","2020/05/18 8:27:51 PM GMT-3","De 50 a 60 anos","Masculino","Mestrado","De 21 a 30 anos","De 6 a 10 anos","Até 5 anos","De 11 a 15 anos","Até 5 anos","Unidade fora do Tesouro","DAS (1 a 6) ou FCPE (1 a 3)",22,20,1,"bolha 125"
"126","2020/05/18 8:44:43 PM GMT-3","De 30 a 39 anos","Feminino","Graduação","De 11 a 20 anos","De 11 a 20 anos","Até 5 anos","Mais de 15 anos","Até 5 anos","COINC","Sem função",22,21,1,"bolha 126"
"127","2020/05/18 9:53:43 PM GMT-3","De 30 a 39 anos","Feminino","Mestrado","De 11 a 20 anos","De 11 a 20 anos","Até 5 anos","Mais de 15 anos","De 6 a 10 anos","ASSEC","Outros",22,22,1,"bolha 127"
"128","2020/05/18 10:00:56 PM GMT-3","De 30 a 39 anos","Feminino","Mestrado","De 11 a 20 anos","De 11 a 20 anos","De 11 a 20 anos","Mais de 15 anos","Até 5 anos","CPLAN","DAS (1 a 6) ou FCPE (1 a 3)",23,3,1,"bolha 128"
"129","2020/05/19 7:59:41 AM GMT-3","De 40 a 49 anos","Masculino","Mestrado","De 11 a 20 anos","De 11 a 20 anos","De 11 a 20 anos","Mais de 15 anos","De 6 a 10 anos","CCONF","DAS (1 a 6) ou FCPE (1 a 3)",23,4,1,"bolha 129"
"130","2020/05/19 9:20:50 AM GMT-3","De 40 a 49 anos","Masculino","Especialização","De 21 a 30 anos","De 11 a 20 anos","De 11 a 20 anos","De 11 a 15 anos","Até 5 anos","CODIV","DAS (1 a 6) ou FCPE (1 a 3)",23,5,1,"bolha 130"
"131","2020/05/19 9:25:14 AM GMT-3","De 30 a 39 anos","Feminino","Graduação","De 6 a 10 anos","De 6 a 10 anos","De 6 a 10 anos","Mais de 15 anos","De 6 a 10 anos","CODIN","FG1",23,6,1,"bolha 131"
"132","2020/05/19 9:55:17 AM GMT-3","De 40 a 49 anos","Feminino","Mestrado","De 11 a 20 anos","De 11 a 20 anos","De 11 a 20 anos","Mais de 15 anos","De 11 a 20 anos","CODIP","Sem função",23,7,1,"bolha 132"
"133","2020/05/19 10:05:01 AM GMT-3","De 50 a 60 anos","Feminino","Especialização","De 6 a 10 anos","De 21 a 30 anos","De 21 a 30 anos","De 6 a 10 anos","De 21 a 30 anos","CODIN","Outros",23,8,1,"bolha 133"
"134","2020/05/19 10:06:31 AM GMT-3","De 30 a 39 anos","Feminino","Mestrado","De 6 a 10 anos","Até 5 anos","Até 5 anos","Mais de 15 anos","Até 5 anos","Gabinete","DAS (1 a 6) ou FCPE (1 a 3)",23,9,1,"bolha 134"
"135","2020/05/19 10:26:57 AM GMT-3","De 30 a 39 anos","Masculino","Graduação","De 6 a 10 anos","Até 5 anos","Até 5 anos","Mais de 15 anos","Até 5 anos","CORIS","Sem função",23,10,2,"bolha 135"
"136","2020/05/19 10:31:45 AM GMT-3","De 30 a 39 anos","Masculino","Mestrado","De 11 a 20 anos","De 6 a 10 anos","De 6 a 10 anos","Mais de 15 anos","Até 5 anos","COREM","DAS (1 a 6) ou FCPE (1 a 3)",23,11,2,"bolha 136"
"137","2020/05/19 10:32:06 AM GMT-3","De 40 a 49 anos","Feminino","Mestrado","De 21 a 30 anos","De 21 a 30 anos","De 21 a 30 anos","Mais de 15 anos","Até 5 anos","CPLAN","Sem função",23,12,1,"bolha 137"
"138","2020/05/19 11:46:35 AM GMT-3","De 40 a 49 anos","Feminino","Especialização","De 11 a 20 anos","De 11 a 20 anos","De 11 a 20 anos","Mais de 15 anos","De 11 a 20 anos","CCONF","Sem função",23,13,1,"bolha 138"
"139","2020/05/19 12:01:35 PM GMT-3","De 40 a 49 anos","Feminino","Especialização","De 11 a 20 anos","De 11 a 20 anos","De 11 a 20 anos","Mais de 15 anos","De 11 a 20 anos","COGEF","Sem função",23,14,1,"bolha 139"
"140","2020/05/19 12:10:42 PM GMT-3","De 40 a 49 anos","Feminino","Mestrado","De 21 a 30 anos","De 21 a 30 anos","De 21 a 30 anos","Mais de 15 anos","Até 5 anos","CODIV","DAS (1 a 6) ou FCPE (1 a 3)",23,15,1,"bolha 140"
"141","2020/05/19 12:13:01 PM GMT-3","De 40 a 49 anos","Feminino","Especialização","De 21 a 30 anos","De 21 a 30 anos","De 21 a 30 anos","De 6 a 10 anos","Até 5 anos","CODIV","Sem função",23,16,1,"bolha 141"
"142","2020/05/19 12:20:20 PM GMT-3","De 40 a 49 anos","Masculino","Especialização","De 21 a 30 anos","De 11 a 20 anos","De 11 a 20 anos","De 11 a 15 anos","De 11 a 20 anos","COFIN","Sem função",23,17,1,"bolha 142"
"143","2020/05/19 12:32:32 PM GMT-3","De 30 a 39 anos","Masculino","Mestrado","De 11 a 20 anos","De 6 a 10 anos","Até 5 anos","Mais de 15 anos","Até 5 anos","Unidade fora do Tesouro","DAS (1 a 6) ou FCPE (1 a 3)",23,18,1,"bolha 143"
"144","2020/05/19 1:00:36 PM GMT-3","De 50 a 60 anos","Feminino","Especialização","De 21 a 30 anos","Mais de 30 anos","De 6 a 10 anos","Menos de 1 ano","Mais de 30 anos","CCONF","GSISTE",23,19,1,"bolha 144"
"145","2020/05/19 1:22:38 PM GMT-3","De 30 a 39 anos","Masculino","Especialização","De 11 a 20 anos","De 11 a 20 anos","De 11 a 20 anos","Mais de 15 anos","Até 5 anos","COSIS","DAS (1 a 6) ou FCPE (1 a 3)",23,20,1,"bolha 145"
"146","2020/05/19 1:41:39 PM GMT-3","De 30 a 39 anos","Feminino","Doutorado","Até 5 anos","De 6 a 10 anos","De 6 a 10 anos","Mais de 15 anos","Até 5 anos","CODIP","Sem função",24,4,1,"bolha 146"
"147","2020/05/19 2:38:00 PM GMT-3","De 40 a 49 anos","Feminino","Graduação","De 11 a 20 anos","De 11 a 20 anos","De 6 a 10 anos","Mais de 15 anos","De 6 a 10 anos","COREM","Sem função",24,5,1,"bolha 147"
"148","2020/05/19 2:41:25 PM GMT-3","De 40 a 49 anos","Masculino","Graduação","De 6 a 10 anos","De 21 a 30 anos","De 6 a 10 anos","Mais de 15 anos","De 6 a 10 anos","COINC","Sem função",24,6,1,"bolha 148"
"149","2020/05/19 5:03:59 PM GMT-3","De 30 a 39 anos","Masculino","Graduação","De 6 a 10 anos","De 11 a 20 anos","Até 5 anos","Mais de 15 anos","Até 5 anos","Unidade fora do Tesouro","Sem função",24,7,1,"bolha 149"
"150","2020/05/19 5:53:35 PM GMT-3","De 30 a 39 anos","Masculino","Especialização","De 11 a 20 anos","De 11 a 20 anos","De 6 a 10 anos","Mais de 15 anos","De 6 a 10 anos","COGEF","DAS (1 a 6) ou FCPE (1 a 3)",24,8,1,"bolha 150"
"151","2020/05/19 5:57:02 PM GMT-3","De 50 a 60 anos","Feminino","Especialização","+ de 30 anos","De 21 a 30 anos","De 21 a 30 anos","De 6 a 10 anos","De 21 a 30 anos","COREM","FG1",24,9,1,"bolha 151"
"152","2020/05/19 6:26:47 PM GMT-3","De 40 a 49 anos","Feminino","Graduação","De 11 a 20 anos","De 11 a 20 anos","De 6 a 10 anos","Mais de 15 anos","De 6 a 10 anos","COREM","Sem função",24,10,1,"bolha 152"
"153","2020/05/19 6:39:38 PM GMT-3","De 30 a 39 anos","Masculino","Doutorado","Até 5 anos","De 6 a 10 anos","De 6 a 10 anos","Mais de 15 anos","De 6 a 10 anos","COREM","DAS (1 a 6) ou FCPE (1 a 3)",24,11,1,"bolha 153"
"154","2020/05/19 6:50:58 PM GMT-3","De 30 a 39 anos","Feminino","Especialização","De 11 a 20 anos","De 11 a 20 anos","De 11 a 20 anos","Mais de 15 anos","De 11 a 20 anos","COINT","Sem função",24,12,1,"bolha 154"
"155","2020/05/19 7:05:16 PM GMT-3","De 40 a 49 anos","Feminino","Especialização","De 21 a 30 anos","De 11 a 20 anos","De 11 a 20 anos","Mais de 15 anos","De 11 a 20 anos","COINT","Sem função",24,13,1,"bolha 155"
"156","2020/05/19 7:15:23 PM GMT-3","De 30 a 39 anos","Masculino","Especialização","De 11 a 20 anos","De 6 a 10 anos","De 6 a 10 anos","Mais de 15 anos","Até 5 anos","COGEF","DAS (1 a 6) ou FCPE (1 a 3)",24,14,1,"bolha 156"
"157","2020/05/19 7:15:31 PM GMT-3","De 30 a 39 anos","Masculino","Especialização","De 11 a 20 anos","De 6 a 10 anos","De 6 a 10 anos","Mais de 15 anos","Até 5 anos","COGEF","DAS (1 a 6) ou FCPE (1 a 3)",24,15,1,"bolha 157"
"158","2020/05/19 9:47:59 PM GMT-3","De 50 a 60 anos","Masculino","Mestrado","De 11 a 20 anos","De 11 a 20 anos","De 21 a 30 anos","De 6 a 10 anos","Até 5 anos","COINT","Sem função",24,16,1,"bolha 158"
"159","2020/05/20 9:20:52 AM GMT-3","De 30 a 39 anos","Masculino","Graduação","De 6 a 10 anos","De 6 a 10 anos","De 6 a 10 anos","Mais de 15 anos","Até 5 anos","CPLAN","Sem função",24,17,1,"bolha 159"
"160","2020/05/20 10:20:34 AM GMT-3","De 30 a 39 anos","Masculino","Doutorado","De 11 a 20 anos","De 11 a 20 anos","De 11 a 20 anos","Mais de 15 anos","Até 5 anos","CODIP","DAS (1 a 6) ou FCPE (1 a 3)",24,18,1,"bolha 160"
"161","2020/05/20 11:16:56 AM GMT-3","De 40 a 49 anos","Masculino","Especialização","De 21 a 30 anos","De 21 a 30 anos","De 11 a 20 anos","Mais de 15 anos","Até 5 anos","COAFI","DAS (1 a 6) ou FCPE (1 a 3)",24,19,1,"bolha 161"
"162","2020/05/20 11:22:58 AM GMT-3","De 30 a 39 anos","Feminino","Graduação","De 11 a 20 anos","De 6 a 10 anos","De 6 a 10 anos","Mais de 15 anos","De 6 a 10 anos","CODIP","DAS (1 a 6) ou FCPE (1 a 3)",25,5,1,"bolha 162"
"163","2020/05/20 11:36:34 AM GMT-3","De 30 a 39 anos","Masculino","Especialização","De 11 a 20 anos","De 11 a 20 anos","De 11 a 20 anos","Mais de 15 anos","Até 5 anos","CGFIS","DAS (1 a 6) ou FCPE (1 a 3)",25,6,1,"bolha 163"
"164","2020/05/20 11:45:34 AM GMT-3","De 30 a 39 anos","Feminino","Mestrado","De 11 a 20 anos","De 6 a 10 anos","De 6 a 10 anos","Mais de 15 anos","De 6 a 10 anos","CODIP","Sem função",25,7,1,"bolha 164"
"165","2020/05/20 11:49:58 AM GMT-3","De 40 a 49 anos","Masculino","Especialização","De 21 a 30 anos","De 21 a 30 anos","De 11 a 20 anos","De 6 a 10 anos","De 11 a 20 anos","CODIV","Sem função",25,8,1,"bolha 165"
"166","2020/05/20 1:54:27 PM GMT-3","De 30 a 39 anos","Masculino","Graduação","De 6 a 10 anos","De 6 a 10 anos","Até 5 anos","Mais de 15 anos","De 6 a 10 anos","COINC","GSISTE",25,9,1,"bolha 166"
"167","2020/05/20 3:28:47 PM GMT-3","De 40 a 49 anos","Feminino","Especialização","De 21 a 30 anos","De 11 a 20 anos","De 11 a 20 anos","Mais de 15 anos","De 11 a 20 anos","COINT","Sem função",25,10,1,"bolha 167"
"168","2020/05/20 4:29:53 PM GMT-3","De 40 a 49 anos","Masculino","Doutorado","De 11 a 20 anos","De 11 a 20 anos","De 11 a 20 anos","Mais de 15 anos","De 11 a 20 anos","Gabinete","Sem função",25,11,1,"bolha 168"
"169","2020/05/20 4:38:02 PM GMT-3","De 30 a 39 anos","Masculino","Especialização","De 6 a 10 anos","Até 5 anos","Até 5 anos","Mais de 15 anos","Até 5 anos","COAFI","Sem função",25,12,1,"bolha 169"
"170","2020/05/20 4:41:20 PM GMT-3","De 50 a 60 anos","Feminino","Graduação","De 11 a 20 anos","De 21 a 30 anos","De 11 a 20 anos","De 1 a 5 anos","De 11 a 20 anos","COAFI","DAS (1 a 6) ou FCPE (1 a 3)",25,13,1,"bolha 170"
"171","2020/05/20 4:44:33 PM GMT-3","De 40 a 49 anos","Masculino","Especialização","De 11 a 20 anos","De 11 a 20 anos","Até 5 anos","Mais de 15 anos","De 11 a 20 anos","COPAR","FG1",25,14,1,"bolha 171"
"172","2020/05/20 4:44:50 PM GMT-3","De 50 a 60 anos","Masculino","Mestrado","De 21 a 30 anos","De 21 a 30 anos","De 21 a 30 anos","De 11 a 15 anos","Até 5 anos","COAFI","DAS (1 a 6) ou FCPE (1 a 3)",25,15,1,"bolha 172"
"173","2020/05/20 4:50:19 PM GMT-3","De 40 a 49 anos","Feminino","Mestrado","De 21 a 30 anos","De 11 a 20 anos","De 11 a 20 anos","Mais de 15 anos","Até 5 anos","CGFIS","Sem função",25,16,1,"bolha 173"
"174","2020/05/20 4:50:51 PM GMT-3","De 30 a 39 anos","Masculino","Especialização","De 6 a 10 anos","De 6 a 10 anos","Até 5 anos","Mais de 15 anos","Até 5 anos","COREM","DAS (1 a 6) ou FCPE (1 a 3)",25,17,1,"bolha 174"
"175","2020/05/20 5:03:06 PM GMT-3","De 40 a 49 anos","Masculino","Especialização","De 21 a 30 anos","De 11 a 20 anos","De 11 a 20 anos","De 11 a 15 anos","De 11 a 20 anos","COAFI","DAS (1 a 6) ou FCPE (1 a 3)",26,7,1,"bolha 175"
"176","2020/05/20 5:04:00 PM GMT-3","De 40 a 49 anos","Masculino","Especialização","De 11 a 20 anos","De 21 a 30 anos","De 21 a 30 anos","Mais de 15 anos","De 11 a 20 anos","COGEF","Sem função",26,8,1,"bolha 176"
"177","2020/05/20 5:09:22 PM GMT-3","De 40 a 49 anos","Masculino","Graduação","De 11 a 20 anos","De 11 a 20 anos","De 11 a 20 anos","Mais de 15 anos","De 11 a 20 anos","COFIN","DAS (1 a 6) ou FCPE (1 a 3)",26,9,1,"bolha 177"
"178","2020/05/20 5:09:44 PM GMT-3","De 30 a 39 anos","Feminino","Graduação","De 6 a 10 anos","De 6 a 10 anos","De 6 a 10 anos","Mais de 15 anos","Até 5 anos","CODIV","Sem função",26,10,1,"bolha 178"
"179","2020/05/20 5:20:57 PM GMT-3","De 50 a 60 anos","Masculino","Especialização","+ de 30 anos","De 11 a 20 anos","De 11 a 20 anos","De 1 a 5 anos","De 11 a 20 anos","COAFI","Sem função",26,11,1,"bolha 179"
"180","2020/05/20 5:27:28 PM GMT-3","De 40 a 49 anos","Masculino","Mestrado","De 11 a 20 anos","De 11 a 20 anos","De 11 a 20 anos","Mais de 15 anos","De 11 a 20 anos","CODIV","DAS (1 a 6) ou FCPE (1 a 3)",26,12,1,"bolha 180"
"181","2020/05/20 5:28:13 PM GMT-3","De 40 a 49 anos","Feminino","Nível fundamental ou médio","+ de 30 anos","De 21 a 30 anos","De 21 a 30 anos","De 11 a 15 anos","De 21 a 30 anos","COAFI","Sem função",26,13,1,"bolha 181"
"182","2020/05/20 5:30:11 PM GMT-3","De 30 a 39 anos","Masculino","Mestrado","De 11 a 20 anos","De 11 a 20 anos","De 11 a 20 anos","Mais de 15 anos","De 11 a 20 anos","COGEP","DAS (1 a 6) ou FCPE (1 a 3)",26,14,1,"bolha 182"
"183","2020/05/20 5:41:44 PM GMT-3","De 30 a 39 anos","Masculino","Especialização","De 11 a 20 anos","De 6 a 10 anos","De 6 a 10 anos","Mais de 15 anos","De 6 a 10 anos","COPAR","DAS (1 a 6) ou FCPE (1 a 3)",26,15,1,"bolha 183"
"184","2020/05/20 5:45:49 PM GMT-3","De 30 a 39 anos","Masculino","Especialização","De 11 a 20 anos","De 6 a 10 anos","De 6 a 10 anos","Mais de 15 anos","De 6 a 10 anos","COPEM","DAS (1 a 6) ou FCPE (1 a 3)",26,16,1,"bolha 184"
"185","2020/05/20 5:57:17 PM GMT-3","De 40 a 49 anos","Masculino","Especialização","De 11 a 20 anos","De 11 a 20 anos","De 11 a 20 anos","Mais de 15 anos","De 11 a 20 anos","COAFI","Sem função",27,9,2,"bolha 185"
"186","2020/05/20 6:17:09 PM GMT-3","De 40 a 49 anos","Masculino","Especialização","De 11 a 20 anos","De 11 a 20 anos","De 11 a 20 anos","Mais de 15 anos","Até 5 anos","CCONT","DAS (1 a 6) ou FCPE (1 a 3)",27,10,1,"bolha 186"
"187","2020/05/20 6:37:18 PM GMT-3","De 40 a 49 anos","Masculino","Mestrado","De 21 a 30 anos","De 21 a 30 anos","De 11 a 20 anos","Mais de 15 anos","De 11 a 20 anos","COAFI","DAS (1 a 6) ou FCPE (1 a 3)",27,11,1,"bolha 187"
"188","2020/05/20 7:42:00 PM GMT-3","De 30 a 39 anos","Feminino","Especialização","De 11 a 20 anos","De 11 a 20 anos","De 11 a 20 anos","Mais de 15 anos","Até 5 anos","COINT","DAS (1 a 6) ou FCPE (1 a 3)",27,12,1,"bolha 188"
"189","2020/05/20 8:50:13 PM GMT-3","De 40 a 49 anos","Masculino","Mestrado","De 11 a 20 anos","De 11 a 20 anos","De 11 a 20 anos","Mais de 15 anos","De 6 a 10 anos","CODIN","Sem função",28,9,2,"bolha 189"
"190","2020/05/20 8:52:16 PM GMT-3","De 40 a 49 anos","Masculino","Mestrado","De 11 a 20 anos","De 11 a 20 anos","De 11 a 20 anos","Mais de 15 anos","De 6 a 10 anos","CPLAN","DAS (1 a 6) ou FCPE (1 a 3)",28,10,2,"bolha 190"
"191","2020/05/21 8:34:06 AM GMT-3","De 40 a 49 anos","Feminino","Especialização","De 21 a 30 anos","De 11 a 20 anos","De 11 a 20 anos","De 6 a 10 anos","De 11 a 20 anos","COAFI","Sem função",28,11,3,"bolha 191"
"192","2020/05/21 9:03:07 AM GMT-3","De 40 a 49 anos","Feminino","Graduação","De 21 a 30 anos","De 11 a 20 anos","De 11 a 20 anos","De 11 a 15 anos","De 11 a 20 anos","COSIS","Sem função",28,12,3,"bolha 192"
"193","2020/05/21 9:25:33 AM GMT-3","De 50 a 60 anos","Feminino","Especialização","De 21 a 30 anos","Mais de 30 anos","De 6 a 10 anos","Menos de 1 ano","De 6 a 10 anos","COAFI","DAS (1 a 6) ou FCPE (1 a 3)",29,7,3,"bolha 193"
"194","2020/05/21 10:45:41 AM GMT-3","De 40 a 49 anos","Feminino","Graduação","De 21 a 30 anos","De 21 a 30 anos","De 21 a 30 anos","De 6 a 10 anos","Até 5 anos","CODIV","DAS (1 a 6) ou FCPE (1 a 3)",29,8,3,"bolha 194"
"195","2020/05/21 11:06:39 AM GMT-3","De 50 a 60 anos","Masculino","Especialização","De 11 a 20 anos","Mais de 30 anos","De 11 a 20 anos","De 1 a 5 anos","Até 5 anos","CODIV","Sem função",29,9,2,"bolha 195"
"196","2020/05/21 11:23:58 AM GMT-3","De 30 a 39 anos","Masculino","Graduação","De 11 a 20 anos","De 6 a 10 anos","De 6 a 10 anos","Mais de 15 anos","De 6 a 10 anos","CODIV","Sem função",29,10,2,"bolha 196"
"197","2020/05/21 11:32:34 AM GMT-3","De 50 a 60 anos","Feminino","Mestrado","De 21 a 30 anos","De 21 a 30 anos","De 21 a 30 anos","De 1 a 5 anos","De 21 a 30 anos","COPAR","Sem função",29,11,3,"bolha 197"
"198","2020/05/21 12:35:26 PM GMT-3","De 40 a 49 anos","Feminino","Especialização","De 21 a 30 anos","De 21 a 30 anos","De 21 a 30 anos","De 6 a 10 anos","De 21 a 30 anos","COPAR","Sem função",29,12,3,"bolha 198"
"199","2020/05/21 2:41:51 PM GMT-3","De 30 a 39 anos","Masculino","Graduação","De 11 a 20 anos","De 11 a 20 anos","De 11 a 20 anos","Mais de 15 anos","De 11 a 20 anos","CODIP","Sem função",29,13,3,"bolha 199"
"200","2020/05/21 3:41:46 PM GMT-3","De 50 a 60 anos","Feminino","Graduação","De 21 a 30 anos","De 11 a 20 anos","De 11 a 20 anos","De 1 a 5 anos","De 11 a 20 anos","CODIV","DAS (1 a 6) ou FCPE (1 a 3)",29,14,3,"bolha 200"
"201","2020/05/21 3:58:34 PM GMT-3","De 40 a 49 anos","Masculino","Especialização","De 11 a 20 anos","De 11 a 20 anos","De 6 a 10 anos","Mais de 15 anos","De 6 a 10 anos","COSIS","GSISTE",29,15,3,"bolha 201"
"202","2020/05/21 5:40:33 PM GMT-3","De 40 a 49 anos","Feminino","Especialização","De 11 a 20 anos","De 11 a 20 anos","De 6 a 10 anos","Mais de 15 anos","De 11 a 20 anos","COINC","GSISTE",30,6,3,"bolha 202"
"203","2020/05/21 5:47:42 PM GMT-3","De 50 a 60 anos","Masculino","Especialização","+ de 30 anos","Mais de 30 anos","Mais de 30 anos","De 1 a 5 anos","De 21 a 30 anos","COGEF","DAS (1 a 6) ou FCPE (1 a 3)",30,7,3,"bolha 203"
"204","2020/05/21 5:52:56 PM GMT-3","De 30 a 39 anos","Masculino","Graduação","De 11 a 20 anos","De 6 a 10 anos","De 6 a 10 anos","Mais de 15 anos","De 6 a 10 anos","COINT","Sem função",30,8,3,"bolha 204"
"205","2020/05/21 5:54:51 PM GMT-3","De 30 a 39 anos","Masculino","Mestrado","De 6 a 10 anos","De 6 a 10 anos","De 6 a 10 anos","Mais de 15 anos","Até 5 anos","COGEF","DAS (1 a 6) ou FCPE (1 a 3)",30,9,2,"bolha 205"
"206","2020/05/21 6:59:39 PM GMT-3","De 40 a 49 anos","Masculino","Especialização","De 11 a 20 anos","De 11 a 20 anos","De 11 a 20 anos","Mais de 15 anos","De 11 a 20 anos","COGEF","DAS (1 a 6) ou FCPE (1 a 3)",30,10,2,"bolha 206"
"207","2020/05/21 7:59:59 PM GMT-3","De 30 a 39 anos","Masculino","Graduação","De 6 a 10 anos","De 6 a 10 anos","De 6 a 10 anos","Mais de 15 anos","De 6 a 10 anos","COGEF","Sem função",30,11,3,"bolha 207"
"208","2020/05/21 9:47:16 PM GMT-3","De 30 a 39 anos","Masculino","Especialização","De 6 a 10 anos","De 6 a 10 anos","Até 5 anos","Mais de 15 anos","Até 5 anos","COGEF","Sem função",30,12,3,"bolha 208"
"209","2020/05/22 9:54:00 AM GMT-3","De 50 a 60 anos","Feminino","Especialização","De 21 a 30 anos","De 21 a 30 anos","De 21 a 30 anos","De 6 a 10 anos","De 21 a 30 anos","COGEF","Sem função",30,13,3,"bolha 209"
"210","2020/05/22 11:41:09 AM GMT-3","De 40 a 49 anos","Feminino","Graduação","De 11 a 20 anos","De 11 a 20 anos","De 11 a 20 anos","De 11 a 15 anos","De 11 a 20 anos","CCONF","DAS (1 a 6) ou FCPE (1 a 3)",30,14,3,"bolha 210"
"211","2020/05/22 11:56:43 AM GMT-3","De 40 a 49 anos","Feminino","Especialização","De 11 a 20 anos","De 21 a 30 anos","De 11 a 20 anos","Mais de 15 anos","De 11 a 20 anos","CODIN","Sem função",30,15,3,"bolha 211"
"212","2020/05/22 2:33:10 PM GMT-3","De 30 a 39 anos","Feminino","Mestrado","De 11 a 20 anos","Até 5 anos","Até 5 anos","De 11 a 15 anos","Até 5 anos","Unidade fora do Tesouro","FG1",30,16,3,"bolha 212"
"213","2020/05/22 3:42:40 PM GMT-3","De 40 a 49 anos","Masculino","Especialização","De 11 a 20 anos","De 11 a 20 anos","De 11 a 20 anos","De 11 a 15 anos","De 11 a 20 anos","Unidade fora do Tesouro","DAS (1 a 6) ou FCPE (1 a 3)",30,17,3,"bolha 213"
"214","2020/05/22 5:09:12 PM GMT-3","De 30 a 39 anos","Masculino","Especialização","De 11 a 20 anos","De 11 a 20 anos","Até 5 anos","Mais de 15 anos","Até 5 anos","CODIV","DAS (1 a 6) ou FCPE (1 a 3)",31,5,3,"bolha 214"
"215","2020/05/22 5:13:17 PM GMT-3","De 30 a 39 anos","Feminino","Mestrado","De 11 a 20 anos","De 11 a 20 anos","Até 5 anos","Mais de 15 anos","Até 5 anos","COREM","Sem função",31,6,3,"bolha 215"
"216","2020/05/22 5:26:24 PM GMT-3","De 30 a 39 anos","Masculino","Mestrado","De 11 a 20 anos","De 6 a 10 anos","De 6 a 10 anos","Mais de 15 anos","Até 5 anos","CODIP","DAS (1 a 6) ou FCPE (1 a 3)",31,7,3,"bolha 216"
"217","2020/05/22 6:17:55 PM GMT-3","De 20 a 29 anos","Feminino","Mestrado","De 6 a 10 anos","Até 5 anos","Até 5 anos","Mais de 15 anos","Até 5 anos","Unidade fora do Tesouro","DAS (1 a 6) ou FCPE (1 a 3)",31,8,3,"bolha 217"
"218","2020/05/22 6:30:46 PM GMT-3","De 50 a 60 anos","Feminino","Especialização","De 21 a 30 anos","De 21 a 30 anos","De 21 a 30 anos","De 6 a 10 anos","De 21 a 30 anos","COREM","Sem função",31,9,2,"bolha 218"
"219","2020/05/22 7:03:34 PM GMT-3","De 30 a 39 anos","Masculino","Especialização","De 11 a 20 anos","De 11 a 20 anos","Até 5 anos","Mais de 15 anos","De 11 a 20 anos","CFORM","GSISTE",31,10,2,"bolha 219"
"220","2020/05/24 8:45:13 AM GMT-3","De 30 a 39 anos","Feminino","Mestrado","De 11 a 20 anos","De 11 a 20 anos","De 11 a 20 anos","Mais de 15 anos","Até 5 anos","CPLAN","DAS (1 a 6) ou FCPE (1 a 3)",31,11,3,"bolha 220"
"221","2020/05/25 9:54:27 AM GMT-3","De 30 a 39 anos","Masculino","Graduação","De 11 a 20 anos","De 11 a 20 anos","De 11 a 20 anos","Mais de 15 anos","Até 5 anos","COREM","Sem função",31,12,3,"bolha 221"
"222","2020/05/25 11:13:44 AM GMT-3","+ de 60","Masculino","Mestrado","+ de 30 anos","De 11 a 20 anos","De 11 a 20 anos","De 1 a 5 anos","De 11 a 20 anos","CORIS","Sem função",31,13,3,"bolha 222"
"223","2020/05/25 12:54:31 PM GMT-3","De 30 a 39 anos","Feminino","Especialização","De 11 a 20 anos","De 11 a 20 anos","De 6 a 10 anos","Mais de 15 anos","De 6 a 10 anos","CCONF","Sem função",31,14,3,"bolha 223"
"224","2020/05/25 1:09:20 PM GMT-3","De 40 a 49 anos","Masculino","Mestrado","De 6 a 10 anos","De 6 a 10 anos","De 6 a 10 anos","Mais de 15 anos","De 6 a 10 anos","COGEP","Sem função",31,15,3,"bolha 224"
"225","2020/05/25 3:54:16 PM GMT-3","De 30 a 39 anos","Masculino","Graduação","De 6 a 10 anos","De 6 a 10 anos","De 6 a 10 anos","Mais de 15 anos","De 6 a 10 anos","COGEP","Sem função",31,16,3,"bolha 225"
"226","2020/05/25 4:09:15 PM GMT-3","De 30 a 39 anos","Masculino","Mestrado","De 6 a 10 anos","De 6 a 10 anos","De 6 a 10 anos","Mais de 15 anos","De 6 a 10 anos","COGEP","DAS (1 a 6) ou FCPE (1 a 3)",31,17,3,"bolha 226"
"227","2020/05/25 4:33:54 PM GMT-3","De 30 a 39 anos","Masculino","Especialização","De 6 a 10 anos","De 6 a 10 anos","De 6 a 10 anos","Mais de 15 anos","Até 5 anos","COGEP","DAS (1 a 6) ou FCPE (1 a 3)",31,18,3,"bolha 227"
"228","2020/05/25 6:02:08 PM GMT-3","De 30 a 39 anos","Feminino","Graduação","De 6 a 10 anos","De 6 a 10 anos","De 6 a 10 anos","Mais de 15 anos","Até 5 anos","COGEP","DAS (1 a 6) ou FCPE (1 a 3)",31,19,3,"bolha 228"
"229","2020/05/25 10:10:38 PM GMT-3","De 40 a 49 anos","Masculino","Mestrado","De 11 a 20 anos","De 11 a 20 anos","De 11 a 20 anos","Mais de 15 anos","Até 5 anos","COGEP","DAS (1 a 6) ou FCPE (1 a 3)",32,4,3,"bolha 229"
"230","2020/05/25 10:31:29 PM GMT-3","De 40 a 49 anos","Feminino","Doutorado","De 11 a 20 anos","De 11 a 20 anos","De 11 a 20 anos","Mais de 15 anos","De 6 a 10 anos","COGEP","DAS (1 a 6) ou FCPE (1 a 3)",32,5,3,"bolha 230"
"231","2020/05/26 1:22:35 AM GMT-3","De 30 a 39 anos","Masculino","Especialização","De 11 a 20 anos","De 6 a 10 anos","De 6 a 10 anos","Mais de 15 anos","Até 5 anos","COGEP","DAS (1 a 6) ou FCPE (1 a 3)",32,6,3,"bolha 231"
"232","2020/05/26 9:13:57 AM GMT-3","De 40 a 49 anos","Masculino","Mestrado","De 11 a 20 anos","Até 5 anos","Até 5 anos","Mais de 15 anos","Até 5 anos","COGEP","DAS (1 a 6) ou FCPE (1 a 3)",32,7,3,"bolha 232"
"233","2020/05/26 9:45:26 AM GMT-3","De 40 a 49 anos","Feminino","Doutorado","De 21 a 30 anos","De 6 a 10 anos","De 6 a 10 anos","Mais de 15 anos","De 6 a 10 anos","COGEP","Sem função",32,8,3,"bolha 233"
"234","2020/05/26 11:41:18 AM GMT-3","De 40 a 49 anos","Feminino","Especialização","De 11 a 20 anos","De 11 a 20 anos","De 11 a 20 anos","Mais de 15 anos","De 11 a 20 anos","CODIN","Sem função",32,9,2,"bolha 234"
"235","2020/05/26 12:08:13 PM GMT-3","De 30 a 39 anos","Feminino","Mestrado","De 11 a 20 anos","De 11 a 20 anos","De 11 a 20 anos","Mais de 15 anos","De 6 a 10 anos","COGEP","Sem função",32,10,2,"bolha 235"
"236","2020/05/26 12:44:05 PM GMT-3","De 30 a 39 anos","Feminino","Mestrado","De 11 a 20 anos","De 11 a 20 anos","De 6 a 10 anos","Mais de 15 anos","De 6 a 10 anos","COGEP","Sem função",32,11,3,"bolha 236"
"237","2020/05/27 3:32:31 PM GMT-3","De 30 a 39 anos","Masculino","Especialização","De 11 a 20 anos","De 6 a 10 anos","De 6 a 10 anos","Mais de 15 anos","De 6 a 10 anos","CCONF","Sem função",32,12,3,"bolha 237"
"238","2020/05/27 5:58:59 PM GMT-3","De 30 a 39 anos","Masculino","Mestrado","De 11 a 20 anos","Até 5 anos","Até 5 anos","Mais de 15 anos","Até 5 anos","CODIP","DAS (1 a 6) ou FCPE (1 a 3)",32,13,3,"bolha 238"
"239","2020/05/27 6:37:33 PM GMT-3","De 40 a 49 anos","Masculino","Graduação","De 21 a 30 anos","De 11 a 20 anos","De 11 a 20 anos","Mais de 15 anos","De 11 a 20 anos","COGEP","Sem função",32,14,3,"bolha 239"
"240","2020/05/27 6:44:38 PM GMT-3","De 50 a 60 anos","Masculino","Especialização","De 21 a 30 anos","Mais de 30 anos","Até 5 anos","De 1 a 5 anos","De 21 a 30 anos","COINC","GSISTE",32,15,3,"bolha 240"
"241","2020/05/28 9:22:39 AM GMT-3","De 50 a 60 anos","Masculino","Especialização","+ de 30 anos","De 21 a 30 anos","De 21 a 30 anos","De 1 a 5 anos","De 21 a 30 anos","CODIV","Sem função",32,16,3,"bolha 241"
"242","2020/05/28 9:35:43 AM GMT-3","De 40 a 49 anos","Masculino","Especialização","De 11 a 20 anos","De 11 a 20 anos","Até 5 anos","Mais de 15 anos","Até 5 anos","CCONF","Sem função",32,17,3,"bolha 242"
"243","2020/05/28 11:09:24 AM GMT-3","De 30 a 39 anos","Masculino","Especialização","De 6 a 10 anos","De 6 a 10 anos","De 6 a 10 anos","Mais de 15 anos","De 6 a 10 anos","COSIS","Sem função",32,18,3,"bolha 243"
"244","2020/05/28 11:14:00 AM GMT-3","De 40 a 49 anos","Feminino","Especialização","De 21 a 30 anos","De 21 a 30 anos","De 21 a 30 anos","De 11 a 15 anos","De 6 a 10 anos","COFIN","DAS (1 a 6) ou FCPE (1 a 3)",32,19,3,"bolha 244"
"245","2020/05/28 11:21:06 AM GMT-3","De 30 a 39 anos","Masculino","Especialização","De 11 a 20 anos","Até 5 anos","Até 5 anos","Mais de 15 anos","Até 5 anos","COREM","DAS (1 a 6) ou FCPE (1 a 3)",32,20,3,"bolha 245"
"246","2020/05/28 11:31:43 AM GMT-3","De 30 a 39 anos","Masculino","Mestrado","De 6 a 10 anos","De 6 a 10 anos","Até 5 anos","Mais de 15 anos","Até 5 anos","COREM","DAS (1 a 6) ou FCPE (1 a 3)",33,3,3,"bolha 246"
"247","2020/05/28 12:44:23 PM GMT-3","De 30 a 39 anos","Masculino","Especialização","De 6 a 10 anos","De 6 a 10 anos","Até 5 anos","Mais de 15 anos","Até 5 anos","CCONT","GSISTE",33,4,3,"bolha 247"
"248","2020/05/28 2:27:32 PM GMT-3","De 40 a 49 anos","Masculino","Graduação","De 11 a 20 anos","De 11 a 20 anos","Até 5 anos","Mais de 15 anos","Até 5 anos","CCONT","GSISTE",33,5,3,"bolha 248"
"249","2020/05/28 3:49:33 PM GMT-3","De 50 a 60 anos","Feminino","Mestrado","Até 5 anos","De 11 a 20 anos","De 6 a 10 anos","Mais de 15 anos","Até 5 anos","CFORM","Sem função",33,6,3,"bolha 249"
"250","2020/05/28 3:51:01 PM GMT-3","De 40 a 49 anos","Masculino","Graduação","De 11 a 20 anos","De 11 a 20 anos","De 11 a 20 anos","Mais de 15 anos","De 11 a 20 anos","COFIN","DAS (1 a 6) ou FCPE (1 a 3)",33,7,3,"bolha 250"
"251","2020/05/28 3:53:44 PM GMT-3","De 40 a 49 anos","Feminino","Mestrado","De 11 a 20 anos","De 11 a 20 anos","De 11 a 20 anos","Mais de 15 anos","De 11 a 20 anos","CESEF","Sem função",33,8,3,"bolha 251"
"252","2020/05/28 3:59:34 PM GMT-3","De 40 a 49 anos","Masculino","Especialização","De 11 a 20 anos","De 11 a 20 anos","De 11 a 20 anos","Mais de 15 anos","Até 5 anos","COPEM","DAS (1 a 6) ou FCPE (1 a 3)",33,9,2,"bolha 252"
"253","2020/05/28 4:00:41 PM GMT-3","De 30 a 39 anos","Feminino","Graduação","De 6 a 10 anos","De 6 a 10 anos","De 6 a 10 anos","Mais de 15 anos","De 6 a 10 anos","COSIS","Sem função",33,10,2,"bolha 253"
"254","2020/05/28 4:04:43 PM GMT-3","De 40 a 49 anos","Feminino","Doutorado","De 11 a 20 anos","De 21 a 30 anos","De 21 a 30 anos","De 11 a 15 anos","Até 5 anos","ASSEC","DAS (1 a 6) ou FCPE (1 a 3)",33,11,3,"bolha 254"
"255","2020/05/28 4:10:39 PM GMT-3","De 40 a 49 anos","Masculino","Mestrado","De 21 a 30 anos","De 11 a 20 anos","De 6 a 10 anos","De 11 a 15 anos","De 11 a 20 anos","ASSEC","Sem função",33,12,3,"bolha 255"
"256","2020/05/28 4:15:20 PM GMT-3","De 50 a 60 anos","Masculino","Especialização","De 21 a 30 anos","De 21 a 30 anos","De 21 a 30 anos","De 11 a 15 anos","De 21 a 30 anos","CODIN","Sem função",33,13,3,"bolha 256"
"257","2020/05/28 4:19:03 PM GMT-3","De 30 a 39 anos","Masculino","Graduação","De 11 a 20 anos","De 6 a 10 anos","De 6 a 10 anos","Mais de 15 anos","De 6 a 10 anos","ASSEC","Sem função",33,14,3,"bolha 257"
"258","2020/05/28 4:30:17 PM GMT-3","De 50 a 60 anos","Feminino","Especialização","De 21 a 30 anos","De 21 a 30 anos","De 21 a 30 anos","De 11 a 15 anos","Até 5 anos","ASSEC","Sem função",33,15,3,"bolha 258"
"259","2020/05/28 4:39:42 PM GMT-3","De 40 a 49 anos","Feminino","Mestrado","De 11 a 20 anos","De 11 a 20 anos","De 11 a 20 anos","De 11 a 15 anos","De 6 a 10 anos","Unidade fora do Tesouro","Sem função",33,16,3,"bolha 259"
"260","2020/05/28 4:46:44 PM GMT-3","De 30 a 39 anos","Masculino","Doutorado","Até 5 anos","De 11 a 20 anos","De 6 a 10 anos","Mais de 15 anos","Até 5 anos","CESEF","DAS (1 a 6) ou FCPE (1 a 3)",33,17,3,"bolha 260"
"261","2020/05/28 4:47:18 PM GMT-3","De 30 a 39 anos","Masculino","Mestrado","De 6 a 10 anos","De 6 a 10 anos","De 6 a 10 anos","Mais de 15 anos","De 6 a 10 anos","CODIN","Sem função",33,18,3,"bolha 261"
"262","2020/05/28 4:48:11 PM GMT-3","De 50 a 60 anos","Masculino","Mestrado","De 21 a 30 anos","De 21 a 30 anos","De 21 a 30 anos","De 11 a 15 anos","De 21 a 30 anos","Unidade fora do Tesouro","Sem função",33,19,3,"bolha 262"
"263","2020/05/28 4:49:41 PM GMT-3","De 50 a 60 anos","Masculino","Mestrado","De 21 a 30 anos","De 11 a 20 anos","De 11 a 20 anos","Mais de 15 anos","De 11 a 20 anos","Unidade fora do Tesouro","Sem função",33,20,3,"bolha 263"
"264","2020/05/28 5:08:44 PM GMT-3","De 30 a 39 anos","Masculino","Mestrado","De 11 a 20 anos","De 6 a 10 anos","De 6 a 10 anos","De 11 a 15 anos","Até 5 anos","COSIS","DAS (1 a 6) ou FCPE (1 a 3)",33,21,3,"bolha 264"
"265","2020/05/28 5:12:52 PM GMT-3","De 40 a 49 anos","Masculino","Especialização","De 21 a 30 anos","De 21 a 30 anos","De 11 a 20 anos","Mais de 15 anos","Até 5 anos","CODIP","DAS (1 a 6) ou FCPE (1 a 3)",33,22,3,"bolha 265"
"266","2020/05/28 5:16:29 PM GMT-3","+ de 60","Masculino","Graduação","+ de 30 anos","Mais de 30 anos","Mais de 30 anos","De 1 a 5 anos","Até 5 anos","COSIS","Sem função",34,2,3,"bolha 266"
"267","2020/05/28 5:20:57 PM GMT-3","De 30 a 39 anos","Masculino","Mestrado","De 11 a 20 anos","De 11 a 20 anos","De 11 a 20 anos","Mais de 15 anos","De 11 a 20 anos","Unidade fora do Tesouro","DAS (1 a 6) ou FCPE (1 a 3)",34,3,3,"bolha 267"
"268","2020/05/28 5:32:39 PM GMT-3","De 40 a 49 anos","Masculino","Especialização","De 21 a 30 anos","De 21 a 30 anos","De 21 a 30 anos","Mais de 15 anos","De 11 a 20 anos","COFIN","DAS (1 a 6) ou FCPE (1 a 3)",34,4,3,"bolha 268"
"269","2020/05/28 5:44:02 PM GMT-3","De 30 a 39 anos","Masculino","Mestrado","De 6 a 10 anos","Até 5 anos","Até 5 anos","Mais de 15 anos","Até 5 anos","Unidade fora do Tesouro","DAS (1 a 6) ou FCPE (1 a 3)",34,5,3,"bolha 269"
"270","2020/05/28 5:46:52 PM GMT-3","De 30 a 39 anos","Feminino","Mestrado","De 11 a 20 anos","De 6 a 10 anos","Até 5 anos","Mais de 15 anos","Até 5 anos","Unidade fora do Tesouro","Sem função",34,6,3,"bolha 270"
"271","2020/05/28 5:47:10 PM GMT-3","De 50 a 60 anos","Feminino","Especialização","De 21 a 30 anos","De 11 a 20 anos","De 11 a 20 anos","De 6 a 10 anos","De 11 a 20 anos","CCONT","Sem função",34,8,2,"bolha 271"
"272","2020/05/28 5:58:17 PM GMT-3","De 30 a 39 anos","Masculino","Mestrado","De 6 a 10 anos","De 6 a 10 anos","De 6 a 10 anos","Mais de 15 anos","Até 5 anos","Unidade fora do Tesouro","DAS (1 a 6) ou FCPE (1 a 3)",34,9,2,"bolha 272"
"273","2020/05/28 6:08:30 PM GMT-3","De 30 a 39 anos","Masculino","Especialização","De 11 a 20 anos","De 11 a 20 anos","De 11 a 20 anos","Mais de 15 anos","Até 5 anos","CODIN","Sem função",34,10,2,"bolha 273"
"274","2020/05/28 6:09:53 PM GMT-3","De 30 a 39 anos","Masculino","Graduação","De 11 a 20 anos","De 11 a 20 anos","Até 5 anos","Mais de 15 anos","Até 5 anos","Unidade fora do Tesouro","Sem função",34,11,2,"bolha 274"
"275","2020/05/28 6:15:49 PM GMT-3","De 40 a 49 anos","Masculino","Especialização","De 6 a 10 anos","De 21 a 30 anos","De 11 a 20 anos","Mais de 15 anos","De 11 a 20 anos","Unidade fora do Tesouro","Sem função",34,16,3,"bolha 275"
"276","2020/05/28 6:32:08 PM GMT-3","De 40 a 49 anos","Masculino","Doutorado","De 21 a 30 anos","De 21 a 30 anos","De 11 a 20 anos","De 11 a 15 anos","De 11 a 20 anos","Unidade fora do Tesouro","Sem função",34,17,3,"bolha 276"
"277","2020/05/28 6:53:06 PM GMT-3","De 20 a 29 anos","Feminino","Graduação","Até 5 anos","De 6 a 10 anos","Até 5 anos","Mais de 15 anos","De 6 a 10 anos","CODIN","GSISTE",34,18,3,"bolha 277"
"278","2020/05/28 6:58:37 PM GMT-3","De 30 a 39 anos","Masculino","Especialização","De 11 a 20 anos","De 11 a 20 anos","De 11 a 20 anos","Mais de 15 anos","De 11 a 20 anos","Unidade fora do Tesouro","DAS (1 a 6) ou FCPE (1 a 3)",34,19,3,"bolha 278"
"279","2020/05/28 7:16:34 PM GMT-3","De 20 a 29 anos","Feminino","Graduação","Até 5 anos","De 6 a 10 anos","De 6 a 10 anos","Mais de 15 anos","De 6 a 10 anos","CODIN","DAS (1 a 6) ou FCPE (1 a 3)",34,20,3,"bolha 279"
"280","2020/05/28 7:36:33 PM GMT-3","De 40 a 49 anos","Masculino","Mestrado","Até 5 anos","De 11 a 20 anos","De 11 a 20 anos","Mais de 15 anos","De 11 a 20 anos","Unidade fora do Tesouro","DAS (1 a 6) ou FCPE (1 a 3)",34,21,3,"bolha 280"
"281","2020/05/28 8:04:19 PM GMT-3","De 40 a 49 anos","Feminino","Especialização","De 11 a 20 anos","De 11 a 20 anos","De 11 a 20 anos","Mais de 15 anos","De 11 a 20 anos","CODIN","Sem função",34,22,3,"bolha 281"
"282","2020/05/28 8:18:19 PM GMT-3","De 40 a 49 anos","Masculino","Graduação","Até 5 anos","De 21 a 30 anos","De 21 a 30 anos","Mais de 15 anos","De 21 a 30 anos","CODIN","Sem função",34,23,3,"bolha 282"
"283","2020/05/28 8:28:27 PM GMT-3","De 30 a 39 anos","Masculino","Mestrado","De 11 a 20 anos","De 11 a 20 anos","De 11 a 20 anos","Mais de 15 anos","De 11 a 20 anos","Unidade fora do Tesouro","DAS (1 a 6) ou FCPE (1 a 3)",35,1,3,"bolha 283"
"284","2020/05/28 9:24:22 PM GMT-3","De 40 a 49 anos","Feminino","Mestrado","De 21 a 30 anos","De 11 a 20 anos","De 11 a 20 anos","De 6 a 10 anos","Até 5 anos","Unidade fora do Tesouro","DAS (1 a 6) ou FCPE (1 a 3)",35,2,3,"bolha 284"
"285","2020/05/28 10:05:30 PM GMT-3","De 30 a 39 anos","Masculino","Mestrado","De 6 a 10 anos","De 6 a 10 anos","De 6 a 10 anos","Mais de 15 anos","Até 5 anos","COREM","FG1",35,3,3,"bolha 285"
"286","2020/05/28 11:04:36 PM GMT-3","De 40 a 49 anos","Masculino","Especialização","De 11 a 20 anos","De 6 a 10 anos","Até 5 anos","Mais de 15 anos","Até 5 anos","Unidade fora do Tesouro","Sem função",35,4,3,"bolha 286"
"287","2020/05/29 12:21:32 AM GMT-3","De 40 a 49 anos","Masculino","Especialização","De 21 a 30 anos","De 11 a 20 anos","De 11 a 20 anos","De 11 a 15 anos","De 11 a 20 anos","COSIS","Sem função",35,8,2,"bolha 287"
"288","2020/05/29 7:33:41 AM GMT-3","De 40 a 49 anos","Feminino","Graduação","De 11 a 20 anos","De 11 a 20 anos","De 11 a 20 anos","Mais de 15 anos","De 11 a 20 anos","COFIN","Sem função",35,9,2,"bolha 288"
"289","2020/05/29 8:27:24 AM GMT-3","De 30 a 39 anos","Masculino","Mestrado","De 11 a 20 anos","De 6 a 10 anos","De 6 a 10 anos","Mais de 15 anos","De 6 a 10 anos","CODIP","Sem função",35,10,2,"bolha 289"
"290","2020/05/29 8:31:19 AM GMT-3","De 40 a 49 anos","Feminino","Especialização","De 21 a 30 anos","De 21 a 30 anos","De 21 a 30 anos","De 11 a 15 anos","De 6 a 10 anos","COFIN","DAS (1 a 6) ou FCPE (1 a 3)",35,11,2,"bolha 290"
"291","2020/05/29 8:36:51 AM GMT-3","De 30 a 39 anos","Masculino","Especialização","De 11 a 20 anos","De 11 a 20 anos","Até 5 anos","Mais de 15 anos","Até 5 anos","CCONT","DAS (1 a 6) ou FCPE (1 a 3)",35,18,3,"bolha 291"
"292","2020/05/29 9:04:44 AM GMT-3","De 50 a 60 anos","Masculino","Especialização","De 21 a 30 anos","De 11 a 20 anos","De 11 a 20 anos","Mais de 15 anos","De 6 a 10 anos","CGFIS","DAS (1 a 6) ou FCPE (1 a 3)",35,19,3,"bolha 292"
"293","2020/05/29 9:18:52 AM GMT-3","De 40 a 49 anos","Feminino","Mestrado","De 21 a 30 anos","De 21 a 30 anos","De 11 a 20 anos","De 11 a 15 anos","De 11 a 20 anos","COFIN","Sem função",35,20,3,"bolha 293"
"294","2020/05/29 9:25:06 AM GMT-3","De 40 a 49 anos","Masculino","Especialização","De 11 a 20 anos","De 11 a 20 anos","De 11 a 20 anos","Mais de 15 anos","Até 5 anos","Unidade fora do Tesouro","Outros",35,21,3,"bolha 294"
"295","2020/05/29 9:32:28 AM GMT-3","De 50 a 60 anos","Masculino","Mestrado","De 21 a 30 anos","De 21 a 30 anos","De 11 a 20 anos","Mais de 15 anos","De 11 a 20 anos","Unidade fora do Tesouro","DAS (1 a 6) ou FCPE (1 a 3)",35,22,3,"bolha 295"
"296","2020/05/29 9:52:14 AM GMT-3","De 40 a 49 anos","Feminino","Especialização","De 21 a 30 anos","De 21 a 30 anos","De 21 a 30 anos","De 11 a 15 anos","Até 5 anos","COPEM","Sem função",35,23,3,"bolha 296"
"297","2020/05/29 9:53:44 AM GMT-3","De 40 a 49 anos","Masculino","Mestrado","De 11 a 20 anos","De 11 a 20 anos","De 11 a 20 anos","Mais de 15 anos","De 11 a 20 anos","Unidade fora do Tesouro","DAS (1 a 6) ou FCPE (1 a 3)",35,24,3,"bolha 297"
"298","2020/05/29 9:55:46 AM GMT-3","De 30 a 39 anos","Feminino","Doutorado","De 11 a 20 anos","De 6 a 10 anos","De 6 a 10 anos","Mais de 15 anos","De 6 a 10 anos","Unidade fora do Tesouro","DAS (1 a 6) ou FCPE (1 a 3)",36,1,3,"bolha 298"
"299","2020/05/29 9:58:26 AM GMT-3","De 40 a 49 anos","Masculino","Graduação","De 11 a 20 anos","De 21 a 30 anos","Até 5 anos","De 11 a 15 anos","De 21 a 30 anos","Unidade fora do Tesouro","FG1",36,2,3,"bolha 299"
"300","2020/05/29 9:58:59 AM GMT-3","De 50 a 60 anos","Masculino","Especialização","De 21 a 30 anos","De 21 a 30 anos","De 21 a 30 anos","De 11 a 15 anos","De 21 a 30 anos","CCONT","Sem função",36,3,3,"bolha 300"
"301","2020/05/29 10:14:30 AM GMT-3","De 40 a 49 anos","Masculino","Mestrado","De 21 a 30 anos","De 21 a 30 anos","De 11 a 20 anos","Mais de 15 anos","De 6 a 10 anos","Unidade fora do Tesouro","Sem função",36,8,2,"bolha 301"
"302","2020/05/29 10:17:58 AM GMT-3","De 30 a 39 anos","Masculino","Mestrado","De 11 a 20 anos","De 6 a 10 anos","De 6 a 10 anos","Mais de 15 anos","Até 5 anos","CPLAN","DAS (1 a 6) ou FCPE (1 a 3)",36,9,2,"bolha 302"
"303","2020/05/29 10:44:25 AM GMT-3","De 40 a 49 anos","Feminino","Especialização","De 11 a 20 anos","De 11 a 20 anos","De 11 a 20 anos","Mais de 15 anos","Até 5 anos","Unidade fora do Tesouro","DAS (1 a 6) ou FCPE (1 a 3)",36,10,2,"bolha 303"
"304","2020/05/29 10:48:11 AM GMT-3","+ de 60","Masculino","Especialização","+ de 30 anos","Mais de 30 anos","De 21 a 30 anos","De 1 a 5 anos","De 21 a 30 anos","CCONT","Sem função",36,11,2,"bolha 304"
"305","2020/05/29 10:52:29 AM GMT-3","De 30 a 39 anos","Masculino","Doutorado","Até 5 anos","De 6 a 10 anos","De 6 a 10 anos","Mais de 15 anos","Até 5 anos","Unidade fora do Tesouro","DAS (1 a 6) ou FCPE (1 a 3)",36,20,3,"bolha 305"
"306","2020/05/29 11:00:16 AM GMT-3","De 30 a 39 anos","Masculino","Especialização","De 11 a 20 anos","De 11 a 20 anos","Até 5 anos","Mais de 15 anos","Até 5 anos","Unidade fora do Tesouro","DAS (1 a 6) ou FCPE (1 a 3)",36,21,3,"bolha 306"
"307","2020/05/29 11:30:25 AM GMT-3","De 50 a 60 anos","Masculino","Especialização","De 21 a 30 anos","De 21 a 30 anos","De 21 a 30 anos","De 6 a 10 anos","De 21 a 30 anos","Unidade fora do Tesouro","DAS (1 a 6) ou FCPE (1 a 3)",36,22,3,"bolha 307"
"308","2020/05/29 11:30:47 AM GMT-3","De 30 a 39 anos","Masculino","Mestrado","De 6 a 10 anos","Até 5 anos","Até 5 anos","Mais de 15 anos","Até 5 anos","Unidade fora do Tesouro","DAS (1 a 6) ou FCPE (1 a 3)",36,23,3,"bolha 308"
"309","2020/05/29 12:02:28 PM GMT-3","De 30 a 39 anos","Feminino","Especialização","De 11 a 20 anos","De 6 a 10 anos","Até 5 anos","Mais de 15 anos","De 6 a 10 anos","CCONF","GSISTE",36,24,3,"bolha 309"
"310","2020/05/29 12:10:51 PM GMT-3","De 40 a 49 anos","Masculino","Mestrado","De 11 a 20 anos","De 11 a 20 anos","De 6 a 10 anos","Mais de 15 anos","Até 5 anos","CESEF","DAS (1 a 6) ou FCPE (1 a 3)",36,25,3,"bolha 310"
"311","2020/05/29 12:16:48 PM GMT-3","De 30 a 39 anos","Feminino","Especialização","De 11 a 20 anos","De 6 a 10 anos","De 6 a 10 anos","Mais de 15 anos","De 6 a 10 anos","COSIS","Sem função",37,1,3,"bolha 311"
"312","2020/05/29 12:27:09 PM GMT-3","De 30 a 39 anos","Masculino","Graduação","De 11 a 20 anos","De 11 a 20 anos","De 6 a 10 anos","Mais de 15 anos","Até 5 anos","COGEF","DAS (1 a 6) ou FCPE (1 a 3)",37,2,3,"bolha 312"
"313","2020/05/29 12:36:49 PM GMT-3","De 20 a 29 anos","Feminino","Especialização","Até 5 anos","De 6 a 10 anos","De 6 a 10 anos","Mais de 15 anos","De 6 a 10 anos","CODIN","GSISTE",37,8,2,"bolha 313"
"314","2020/05/29 2:02:15 PM GMT-3","De 30 a 39 anos","Feminino","Graduação","De 6 a 10 anos","De 6 a 10 anos","Até 5 anos","Mais de 15 anos","Até 5 anos","COREM","DAS (1 a 6) ou FCPE (1 a 3)",37,9,2,"bolha 314"
"315","2020/05/29 3:03:26 PM GMT-3","De 40 a 49 anos","Feminino","Especialização","De 21 a 30 anos","De 21 a 30 anos","De 11 a 20 anos","De 6 a 10 anos","De 11 a 20 anos","COGEF","Sem função",37,10,2,"bolha 315"
"316","2020/05/29 3:29:25 PM GMT-3","De 40 a 49 anos","Masculino","Doutorado","De 21 a 30 anos","De 11 a 20 anos","De 11 a 20 anos","Mais de 15 anos","Até 5 anos","COFIN","DAS (1 a 6) ou FCPE (1 a 3)",37,11,2,"bolha 316"
"317","2020/05/29 3:50:35 PM GMT-3","De 30 a 39 anos","Masculino","Graduação","De 11 a 20 anos","De 6 a 10 anos","Até 5 anos","Mais de 15 anos","Até 5 anos","Unidade fora do Tesouro","DAS (1 a 6) ou FCPE (1 a 3)",37,22,3,"bolha 317"
"318","2020/05/29 3:55:28 PM GMT-3","De 30 a 39 anos","Masculino","Graduação","De 11 a 20 anos","De 6 a 10 anos","Até 5 anos","Mais de 15 anos","Até 5 anos","COSIS","Sem função",37,23,3,"bolha 318"
"319","2020/05/29 3:59:18 PM GMT-3","De 40 a 49 anos","Masculino","Especialização","De 11 a 20 anos","De 6 a 10 anos","De 6 a 10 anos","Mais de 15 anos","Até 5 anos","COSIS","Sem função",37,24,3,"bolha 319"
"320","2020/05/29 4:09:04 PM GMT-3","De 30 a 39 anos","Masculino","Nível fundamental ou médio","De 6 a 10 anos","De 6 a 10 anos","De 6 a 10 anos","Mais de 15 anos","De 6 a 10 anos","CODIN","GSISTE",37,25,3,"bolha 320"
"321","2020/05/29 4:27:29 PM GMT-3","De 40 a 49 anos","Masculino","Graduação","De 11 a 20 anos","De 6 a 10 anos","De 6 a 10 anos","Mais de 15 anos","De 6 a 10 anos","COPEF","DAS (1 a 6) ou FCPE (1 a 3)",37,26,3,"bolha 321"
"322","2020/05/29 4:38:08 PM GMT-3","De 40 a 49 anos","Feminino","Especialização","De 21 a 30 anos","De 21 a 30 anos","De 21 a 30 anos","De 11 a 15 anos","De 6 a 10 anos","COFIN","DAS (1 a 6) ou FCPE (1 a 3)",38,9,2,"bolha 322"
"323","2020/05/29 4:51:55 PM GMT-3","De 50 a 60 anos","Masculino","Especialização","De 21 a 30 anos","De 21 a 30 anos","De 21 a 30 anos","Mais de 15 anos","Até 5 anos","CORIS","DAS (1 a 6) ou FCPE (1 a 3)",38,10,2,"bolha 323"
"324","2020/05/29 4:55:40 PM GMT-3","De 30 a 39 anos","Feminino","Mestrado","De 6 a 10 anos","De 6 a 10 anos","Até 5 anos","Mais de 15 anos","Até 5 anos","ASSEC","DAS (1 a 6) ou FCPE (1 a 3)",38,11,2,"bolha 324"
"325","2020/05/29 5:49:17 PM GMT-3","De 50 a 60 anos","Feminino","Graduação","De 21 a 30 anos","De 21 a 30 anos","De 21 a 30 anos","Menos de 1 ano","De 21 a 30 anos","CODIV","Sem função",38,23,3,"bolha 325"
"326","2020/05/29 6:04:09 PM GMT-3","De 50 a 60 anos","Masculino","Graduação","De 11 a 20 anos","De 11 a 20 anos","De 11 a 20 anos","De 1 a 5 anos","De 11 a 20 anos","CCONT","Sem função",38,24,3,"bolha 326"
"327","2020/05/29 6:10:37 PM GMT-3","De 50 a 60 anos","Masculino","Mestrado","De 11 a 20 anos","De 21 a 30 anos","Mais de 30 anos","De 6 a 10 anos","Até 5 anos","Gabinete","DAS (1 a 6) ou FCPE (1 a 3)",38,25,3,"bolha 327"
"328","2020/05/29 8:44:08 PM GMT-3","De 40 a 49 anos","Masculino","Mestrado","De 21 a 30 anos","De 21 a 30 anos","De 11 a 20 anos","De 11 a 15 anos","De 11 a 20 anos","COPAR","Outros",38,26,3,"bolha 328"
"329","2020/05/29 8:52:48 PM GMT-3","De 30 a 39 anos","Masculino","Especialização","De 11 a 20 anos","De 6 a 10 anos","De 6 a 10 anos","Mais de 15 anos","Até 5 anos","COGEF","DAS (1 a 6) ou FCPE (1 a 3)",38,27,3,"bolha 329"
"330","2020/05/29 9:02:08 PM GMT-3","De 30 a 39 anos","Masculino","Graduação","De 11 a 20 anos","De 6 a 10 anos","De 6 a 10 anos","Mais de 15 anos","De 6 a 10 anos","COPEM","Sem função",38,28,3,"bolha 330"
"331","2020/05/30 12:02:25 PM GMT-3","De 30 a 39 anos","Feminino","Especialização","De 6 a 10 anos","Até 5 anos","Até 5 anos","Mais de 15 anos","Até 5 anos","COPEF","Sem função",39,9,2,"bolha 331"
"332","2020/05/30 12:15:31 PM GMT-3","De 50 a 60 anos","Masculino","Mestrado","De 21 a 30 anos","De 21 a 30 anos","De 21 a 30 anos","De 11 a 15 anos","De 21 a 30 anos","COPAR","Sem função",39,10,2,"bolha 332"
"333","2020/05/30 4:01:22 PM GMT-3","De 30 a 39 anos","Masculino","Graduação","De 11 a 20 anos","De 6 a 10 anos","De 6 a 10 anos","Mais de 15 anos","De 6 a 10 anos","COPEM","Sem função",39,11,2,"bolha 333"
"334","2020/06/01 9:51:41 AM GMT-3","De 40 a 49 anos","Masculino","Mestrado","De 11 a 20 anos","De 11 a 20 anos","De 11 a 20 anos","Mais de 15 anos","De 21 a 30 anos","CFORM","DAS (1 a 6) ou FCPE (1 a 3)",39,25,3,"bolha 334"
"335","2020/06/01 9:59:46 AM GMT-3","De 40 a 49 anos","Feminino","Graduação","De 21 a 30 anos","De 11 a 20 anos","De 11 a 20 anos","De 6 a 10 anos","De 11 a 20 anos","COFIN","Sem função",39,26,3,"bolha 335"
"336","2020/06/01 10:11:33 AM GMT-3","De 50 a 60 anos","Masculino","Especialização","De 11 a 20 anos","De 21 a 30 anos","De 21 a 30 anos","De 6 a 10 anos","De 6 a 10 anos","COPAR","DAS (1 a 6) ou FCPE (1 a 3)",39,27,3,"bolha 336"
"337","2020/06/01 10:13:24 AM GMT-3","De 50 a 60 anos","Masculino","Mestrado","De 11 a 20 anos","De 11 a 20 anos","De 11 a 20 anos","De 11 a 15 anos","De 11 a 20 anos","COPEM","Sem função",39,28,3,"bolha 337"
"338","2020/06/01 10:49:56 AM GMT-3","De 50 a 60 anos","Masculino","Especialização","+ de 30 anos","Mais de 30 anos","De 21 a 30 anos","De 6 a 10 anos","Até 5 anos","COPAR","DAS (1 a 6) ou FCPE (1 a 3)",39,29,3,"bolha 338"
"339","2020/06/01 11:14:18 AM GMT-3","+ de 60","Feminino","Especialização","+ de 30 anos","De 21 a 30 anos","De 21 a 30 anos","Menos de 1 ano","De 21 a 30 anos","CODIV","Sem função",40,9,2,"bolha 339"
"340","2020/06/01 11:41:11 AM GMT-3","De 50 a 60 anos","Feminino","Especialização","De 21 a 30 anos","De 21 a 30 anos","De 21 a 30 anos","De 6 a 10 anos","De 21 a 30 anos","CGFIS","Sem função",40,10,2,"bolha 340"
"341","2020/06/01 11:42:11 AM GMT-3","De 30 a 39 anos","Masculino","Especialização","De 6 a 10 anos","De 6 a 10 anos","De 6 a 10 anos","Mais de 15 anos","De 6 a 10 anos","COSIS","Sem função",40,11,2,"bolha 341"
"342","2020/06/01 1:18:23 PM GMT-3","+ de 60","Masculino","Especialização","+ de 30 anos","De 6 a 10 anos","De 6 a 10 anos","De 6 a 10 anos","De 6 a 10 anos","CODIN","Sem função",40,26,3,"bolha 342"
"343","2020/06/01 3:29:07 PM GMT-3","De 40 a 49 anos","Feminino","Especialização","De 21 a 30 anos","De 21 a 30 anos","De 21 a 30 anos","Mais de 15 anos","Até 5 anos","COFIN","DAS (1 a 6) ou FCPE (1 a 3)",40,27,3,"bolha 343"
"344","2020/06/01 5:07:02 PM GMT-3","De 50 a 60 anos","Masculino","Mestrado","De 21 a 30 anos","De 11 a 20 anos","De 11 a 20 anos","De 11 a 15 anos","De 6 a 10 anos","Unidade fora do Tesouro","Sem função",40,28,3,"bolha 344"
"345","2020/06/01 5:36:04 PM GMT-3","De 50 a 60 anos","Masculino","Graduação","+ de 30 anos","De 21 a 30 anos","De 21 a 30 anos","De 6 a 10 anos","De 21 a 30 anos","COREM","Sem função",40,29,3,"bolha 345"
"346","2020/06/01 6:02:37 PM GMT-3","De 30 a 39 anos","Masculino","Mestrado","De 11 a 20 anos","De 6 a 10 anos","De 6 a 10 anos","Mais de 15 anos","De 6 a 10 anos","COGEF","DAS (1 a 6) ou FCPE (1 a 3)",40,30,3,"bolha 346"
"347","2020/06/01 8:22:08 PM GMT-3","De 40 a 49 anos","Masculino","Doutorado","+ de 30 anos","De 21 a 30 anos","De 21 a 30 anos","De 11 a 15 anos","De 21 a 30 anos","CODIN","Sem função",41,9,2,"bolha 347"
"348","2020/06/01 8:25:39 PM GMT-3","De 50 a 60 anos","Masculino","Especialização","De 21 a 30 anos","De 21 a 30 anos","De 21 a 30 anos","De 11 a 15 anos","De 21 a 30 anos","COGEF","DAS (1 a 6) ou FCPE (1 a 3)",41,10,2,"bolha 348"
"349","2020/06/01 9:22:27 PM GMT-3","De 30 a 39 anos","Masculino","Especialização","De 11 a 20 anos","De 11 a 20 anos","De 11 a 20 anos","Mais de 15 anos","De 11 a 20 anos","CODIV","DAS (1 a 6) ou FCPE (1 a 3)",41,11,2,"bolha 349"
"350","2020/06/02 8:37:01 AM GMT-3","De 40 a 49 anos","Masculino","Graduação","De 21 a 30 anos","Mais de 30 anos","De 11 a 20 anos","De 11 a 15 anos","De 11 a 20 anos","CORIS","Sem função",41,28,3,"bolha 350"
"351","2020/06/02 9:53:59 AM GMT-3","De 30 a 39 anos","Feminino","Graduação","De 11 a 20 anos","De 6 a 10 anos","De 6 a 10 anos","Mais de 15 anos","De 6 a 10 anos","COFIN","Sem função",41,29,3,"bolha 351"
"352","2020/06/02 11:13:40 AM GMT-3","De 30 a 39 anos","Masculino","Doutorado","Até 5 anos","De 6 a 10 anos","De 6 a 10 anos","Mais de 15 anos","Até 5 anos","COPEM","Sem função",41,30,3,"bolha 352"
"353","2020/06/02 4:57:54 PM GMT-3","De 30 a 39 anos","Feminino","Especialização","De 11 a 20 anos","De 6 a 10 anos","De 6 a 10 anos","Mais de 15 anos","Até 5 anos","COPEM","DAS (1 a 6) ou FCPE (1 a 3)",41,31,3,"bolha 353"
"354","2020/06/03 2:24:13 PM GMT-3","De 30 a 39 anos","Masculino","Mestrado","De 11 a 20 anos","De 11 a 20 anos","De 6 a 10 anos","Mais de 15 anos","Até 5 anos","COPEM","DAS (1 a 6) ou FCPE (1 a 3)",42,9,2,"bolha 354"
"355","2020/06/03 9:00:18 PM GMT-3","De 50 a 60 anos","Masculino","Doutorado","De 21 a 30 anos","De 21 a 30 anos","De 21 a 30 anos","De 11 a 15 anos","De 21 a 30 anos","COPAR","Sem função",42,10,2,"bolha 355"
"356","2020/06/04 11:02:26 AM GMT-3","De 50 a 60 anos","Masculino","Mestrado","De 11 a 20 anos","De 11 a 20 anos","De 11 a 20 anos","Mais de 15 anos","De 11 a 20 anos","COREM","Sem função",42,11,2,"bolha 356"
"357","2020/06/04 1:38:41 PM GMT-3","De 50 a 60 anos","Masculino","Mestrado","De 11 a 20 anos","De 11 a 20 anos","De 11 a 20 anos","Mais de 15 anos","De 21 a 30 anos","Unidade fora do Tesouro","Sem função",42,30,3,"bolha 357"
"358","2020/06/04 1:39:26 PM GMT-3","De 40 a 49 anos","Masculino","Mestrado","De 11 a 20 anos","De 11 a 20 anos","De 11 a 20 anos","Mais de 15 anos","De 11 a 20 anos","Unidade fora do Tesouro","DAS (1 a 6) ou FCPE (1 a 3)",42,31,3,"bolha 358"
"359","2020/06/04 1:57:30 PM GMT-3","De 50 a 60 anos","Masculino","Mestrado","De 21 a 30 anos","De 21 a 30 anos","De 21 a 30 anos","De 11 a 15 anos","De 21 a 30 anos","Unidade fora do Tesouro","Sem função",43,9,2,"bolha 359"
"360","2020/06/04 2:25:58 PM GMT-3","De 50 a 60 anos","Masculino","Especialização","+ de 30 anos","Mais de 30 anos","De 21 a 30 anos","De 1 a 5 anos","Até 5 anos","Unidade fora do Tesouro","DAS (1 a 6) ou FCPE (1 a 3)",43,10,2,"bolha 360"
"361","2020/06/04 3:08:15 PM GMT-3","De 40 a 49 anos","Masculino","Mestrado","De 11 a 20 anos","De 11 a 20 anos","Até 5 anos","Mais de 15 anos","De 11 a 20 anos","Unidade fora do Tesouro","DAS (1 a 6) ou FCPE (1 a 3)",43,11,2,"bolha 361"
"362","2020/06/04 3:15:21 PM GMT-3","De 40 a 49 anos","Feminino","Mestrado","De 11 a 20 anos","De 11 a 20 anos","De 11 a 20 anos","Mais de 15 anos","De 11 a 20 anos","COINT","Sem função",43,12,2,"bolha 362"
"363","2020/06/04 3:57:54 PM GMT-3","De 30 a 39 anos","Masculino","Mestrado","De 6 a 10 anos","De 11 a 20 anos","De 11 a 20 anos","Mais de 15 anos","De 6 a 10 anos","CESEF","Sem função",43,31,3,"bolha 363"
"364","2020/06/04 3:59:24 PM GMT-3","De 50 a 60 anos","Feminino","Especialização","+ de 30 anos","Mais de 30 anos","Mais de 30 anos","Menos de 1 ano","Mais de 30 anos","Unidade fora do Tesouro","Sem função",44,10,2,"bolha 364"
"365","2020/06/04 4:46:38 PM GMT-3","De 50 a 60 anos","Feminino","Mestrado","De 21 a 30 anos","De 21 a 30 anos","De 11 a 20 anos","De 11 a 15 anos","Até 5 anos","CODIN","DAS (1 a 6) ou FCPE (1 a 3)",44,11,2,"bolha 365"
"366","2020/06/04 4:49:45 PM GMT-3","De 40 a 49 anos","Masculino","Graduação","De 21 a 30 anos","De 6 a 10 anos","Até 5 anos","Mais de 15 anos","Até 5 anos","Unidade fora do Tesouro","DAS (1 a 6) ou FCPE (1 a 3)",44,12,2,"bolha 366"
"367","2020/06/04 5:15:02 PM GMT-3","De 50 a 60 anos","Feminino","Doutorado","De 21 a 30 anos","Mais de 30 anos","De 11 a 20 anos","De 1 a 5 anos","Até 5 anos","Unidade fora do Tesouro","DAS (1 a 6) ou FCPE (1 a 3)",45,10,2,"bolha 367"
"368","2020/06/04 5:32:56 PM GMT-3","De 40 a 49 anos","Masculino","Graduação","De 11 a 20 anos","De 11 a 20 anos","De 11 a 20 anos","De 6 a 10 anos","De 11 a 20 anos","Unidade fora do Tesouro","Sem função",45,11,2,"bolha 368"
"369","2020/06/04 5:53:03 PM GMT-3","De 50 a 60 anos","Masculino","Especialização","De 21 a 30 anos","De 11 a 20 anos","De 11 a 20 anos","De 6 a 10 anos","De 21 a 30 anos","COFIN","DAS (1 a 6) ou FCPE (1 a 3)",45,12,2,"bolha 369"
"370","2020/06/04 5:53:49 PM GMT-3","De 40 a 49 anos","Masculino","Mestrado","De 21 a 30 anos","De 11 a 20 anos","De 11 a 20 anos","Mais de 15 anos","Até 5 anos","Unidade fora do Tesouro","DAS (1 a 6) ou FCPE (1 a 3)",46,11,2,"bolha 370"
"371","2020/06/04 6:09:28 PM GMT-3","De 50 a 60 anos","Masculino","Mestrado","De 11 a 20 anos","Mais de 30 anos","De 21 a 30 anos","De 1 a 5 anos","De 21 a 30 anos","Unidade fora do Tesouro","DAS (1 a 6) ou FCPE (1 a 3)",46,12,2,"bolha 371"
"372","2020/06/04 9:19:04 PM GMT-3","De 50 a 60 anos","Masculino","Especialização","De 21 a 30 anos","Mais de 30 anos","De 11 a 20 anos","De 11 a 15 anos","De 11 a 20 anos","Unidade fora do Tesouro","DAS (1 a 6) ou FCPE (1 a 3)",46,13,2,"bolha 372"
"373","2020/06/05 9:30:48 AM GMT-3","De 40 a 49 anos","Feminino","Mestrado","De 21 a 30 anos","De 21 a 30 anos","Até 5 anos","Mais de 15 anos","Até 5 anos","Unidade fora do Tesouro","Sem função",47,11,2,"bolha 373"
"374","2020/06/05 10:13:46 AM GMT-3","De 30 a 39 anos","Masculino","Graduação","De 11 a 20 anos","De 11 a 20 anos","Até 5 anos","Mais de 15 anos","Até 5 anos","Unidade fora do Tesouro","DAS (1 a 6) ou FCPE (1 a 3)",47,12,2,"bolha 374"
"375","2020/06/05 10:45:28 AM GMT-3","+ de 60","Feminino","Graduação","+ de 30 anos","De 21 a 30 anos","De 11 a 20 anos","De 1 a 5 anos","De 21 a 30 anos","CGFIS","Outros",47,13,2,"bolha 375"
"376","2020/06/05 3:11:34 PM GMT-3","De 50 a 60 anos","Feminino","Graduação","De 21 a 30 anos","Mais de 30 anos","De 11 a 20 anos","Menos de 1 ano","De 11 a 20 anos","COAFI","DAS (1 a 6) ou FCPE (1 a 3)",48,12,2,"bolha 376"
"377","2020/06/05 3:33:02 PM GMT-3","De 50 a 60 anos","Masculino","Mestrado","De 21 a 30 anos","De 21 a 30 anos","De 21 a 30 anos","De 11 a 15 anos","De 21 a 30 anos","CODIP","DAS (1 a 6) ou FCPE (1 a 3)",48,13,2,"bolha 377"
"378","2020/06/05 4:12:53 PM GMT-3","De 50 a 60 anos","Masculino","Graduação","+ de 30 anos","Mais de 30 anos","De 11 a 20 anos","De 1 a 5 anos","De 11 a 20 anos","COINT","DAS (1 a 6) ou FCPE (1 a 3)",48,14,2,"bolha 378"
"379","2020/06/05 5:16:54 PM GMT-3","De 40 a 49 anos","Masculino","Graduação","De 11 a 20 anos","De 11 a 20 anos","De 11 a 20 anos","Mais de 15 anos","De 11 a 20 anos","Gabinete","Sem função",49,12,2,"bolha 379"
"380","2020/06/05 6:16:08 PM GMT-3","De 40 a 49 anos","Masculino","Doutorado","De 11 a 20 anos","De 11 a 20 anos","De 11 a 20 anos","De 11 a 15 anos","De 11 a 20 anos","CODIN","Sem função",49,13,2,"bolha 380"
"381","2020/06/05 6:24:13 PM GMT-3","De 40 a 49 anos","Masculino","Mestrado","De 21 a 30 anos","De 11 a 20 anos","De 11 a 20 anos","Mais de 15 anos","Até 5 anos","CGFIS","Sem função",49,14,2,"bolha 381"
"382","2020/06/05 6:28:42 PM GMT-3","De 40 a 49 anos","Masculino","Mestrado","De 21 a 30 anos","De 11 a 20 anos","De 11 a 20 anos","Mais de 15 anos","De 11 a 20 anos","CGFIS","Sem função",50,13,2,"bolha 382"
"383","2020/06/08 10:49:02 AM GMT-3","De 30 a 39 anos","Masculino","Mestrado","De 6 a 10 anos","De 6 a 10 anos","De 6 a 10 anos","Mais de 15 anos","De 6 a 10 anos","CESEF","Sem função",50,14,2,"bolha 383"
